n1,n2,n3
2,1,0
0,3,2
1,4,0
0,4,3
7,6,5
5,8,7
6,9,5
5,9,8
12,11,10
10,13,12
10,11,14
14,11,15
13,10,16
16,10,14
15,17,14
14,17,16
20,19,18
18,21,20
18,19,22
22,19,23
21,18,24
24,18,22
27,26,25
28,22,23
25,29,27
22,28,24
25,26,30
30,26,31
29,25,32
32,25,30
30,31,33
33,31,34
32,30,35
35,30,33
38,37,36
38,36,34
36,33,34
36,39,33
35,33,40
40,33,39
36,37,41
41,37,42
1,2,43
39,45,44
45,39,41
36,41,39
44,40,39
3,43,2
48,47,46
48,46,42
46,41,42
46,49,41
4,1,43
50,45,49
41,49,45
4,43,3
46,47,51
51,47,52
46,53,49
46,51,53
50,49,54
54,49,53
51,52,55
55,52,56
6,7,57
53,59,58
59,53,55
51,55,53
58,54,53
8,57,7
55,56,60
60,56,61
9,6,57
62,59,60
55,60,59
9,57,8
63,11,12
61,64,60
64,62,60
13,63,12
65,15,63
63,15,11
16,65,13
13,65,63
65,17,15
17,65,16
68,67,66
66,69,68
66,67,70
70,67,71
69,66,72
72,66,70
71,73,70
70,73,72
76,75,74
74,77,76
74,75,78
78,75,79
80,19,20
74,81,77
81,74,78
21,80,20
84,83,82
84,82,79
82,78,79
82,85,78
86,19,80
19,86,23
81,78,87
85,87,78
24,86,21
21,86,80
82,83,88
88,83,89
88,26,27
85,88,27
82,88,85
86,28,23
29,85,27
85,29,87
90,87,29
28,86,24
93,92,91
93,91,89
91,88,89
91,94,88
94,31,26
94,26,88
32,90,29
32,95,90
91,92,96
96,92,97
91,98,94
91,96,98
98,34,31
98,31,94
35,95,32
35,99,95
96,97,100
100,97,101
100,37,38
98,100,38
96,100,98
98,102,34
102,98,103
38,103,98
103,38,104
34,104,38
104,34,102
102,99,104
99,40,104
99,35,40
100,101,105
105,101,106
105,42,37
105,37,100
103,104,44
45,103,44
107,103,45
44,104,40
105,106,48
106,47,48
106,108,47
105,48,42
50,107,45
50,109,107
108,52,47
110,52,108
113,112,111
112,109,111
109,54,111
109,50,54
115,56,114
56,110,114
56,52,110
115,114,113
115,113,111
59,115,111
58,59,111
58,111,54
116,61,115
115,61,56
62,116,59
59,116,115
116,64,61
64,116,62
119,118,117
117,120,119
117,118,121
121,118,122
123,67,68
117,124,120
124,117,121
69,123,68
127,126,125
127,125,122
125,121,122
125,128,121
129,67,123
67,129,71
124,121,130
128,130,121
72,129,69
69,129,123
125,126,131
131,126,132
125,133,128
125,131,133
73,71,129
134,130,133
128,133,130
73,129,72
137,136,135
137,135,132
135,131,132
135,138,131
75,76,139
133,141,140
141,133,138
131,138,133
140,134,133
77,139,76
135,136,142
142,136,143
135,144,138
135,142,144
145,75,139
75,145,79
141,138,146
144,146,138
81,145,77
77,145,139
142,143,147
147,143,148
147,83,84
144,147,84
142,147,144
146,150,149
150,144,149
84,149,144
149,84,151
79,151,84
151,79,150
150,145,151
146,145,150
150,79,144
87,151,81
81,151,145
147,148,152
152,148,153
152,89,83
152,83,147
149,151,154
149,154,155
90,154,87
87,154,151
152,153,93
153,92,93
153,156,92
152,93,89
155,154,157
155,157,158
95,157,90
90,157,154
156,97,92
159,97,156
158,157,160
158,160,161
99,160,95
95,160,157
159,101,97
162,101,159
165,164,163
163,164,161
163,161,160
103,163,160
102,103,160
102,160,99
162,106,101
166,106,162
165,163,167
165,167,168
107,167,103
103,167,163
170,108,169
108,166,169
108,106,166
170,169,168
167,170,168
171,170,167
109,171,107
107,171,167
172,110,170
170,110,108
113,172,112
172,171,112
172,170,171
112,171,109
172,114,110
114,172,113
175,174,173
173,176,175
174,177,173
173,177,176
180,179,178
178,181,180
178,179,182
182,179,183
181,178,184
184,178,182
183,185,182
182,185,184
188,187,186
186,189,188
186,187,190
190,187,191
192,118,119
186,193,189
193,186,190
120,192,119
196,195,194
196,194,191
194,190,191
194,197,190
198,118,192
118,198,122
193,190,199
197,199,190
124,198,120
120,198,192
194,195,200
200,195,201
200,126,127
197,200,127
194,200,197
199,203,202
203,197,202
127,202,197
202,127,204
122,204,127
204,122,203
203,198,204
199,198,203
203,122,197
130,204,124
124,204,198
200,201,205
205,201,206
205,132,126
205,126,200
202,204,207
202,207,208
134,207,130
130,207,204
205,206,137
206,136,137
206,209,136
205,137,132
208,207,140
141,208,140
210,208,141
140,207,134
209,143,136
211,143,209
214,213,212
213,210,212
210,146,212
210,141,146
211,148,143
215,148,211
214,212,216
214,216,217
149,216,146
146,216,212
215,153,148
218,153,215
217,216,219
217,219,220
155,219,149
149,219,216
218,156,153
221,156,218
220,219,222
220,222,223
158,222,155
155,222,219
221,159,156
224,159,221
223,222,225
223,225,226
161,225,158
158,225,222
228,162,227
162,224,227
162,159,224
228,227,226
228,226,225
165,228,225
164,165,225
164,225,161
229,166,228
228,166,162
168,229,165
165,229,228
229,169,166
169,229,168
232,231,230
230,233,232
231,234,230
230,234,233
237,236,235
235,238,237
235,236,239
239,236,240
238,235,241
241,235,239
239,240,242
242,240,243
241,239,244
244,239,242
247,246,245
247,245,243
245,242,243
245,248,242
244,242,249
249,242,248
245,246,250
250,246,251
174,175,252
248,254,253
254,248,250
245,250,248
253,249,248
176,252,175
250,251,255
255,251,256
177,174,252
257,254,255
250,255,254
177,252,176
260,259,258
260,258,256
258,255,256
258,261,255
257,255,262
262,255,261
258,259,263
263,259,264
266,261,265
261,263,265
261,258,263
261,266,262
269,268,267
270,263,264
267,271,269
263,270,265
268,272,267
267,272,271
275,274,273
273,276,275
274,277,273
273,277,276
280,279,278
278,281,280
278,279,282
282,279,283
284,179,180
278,285,281
285,278,282
181,284,180
288,287,286
288,286,283
286,282,283
286,289,282
290,179,284
179,290,183
285,282,291
289,291,282
184,290,181
181,290,284
286,287,292
292,287,293
286,294,289
286,292,294
185,183,290
295,291,294
289,294,291
185,290,184
292,293,296
296,293,297
187,188,298
294,300,299
300,294,296
292,296,294
299,295,294
189,298,188
296,297,301
301,297,302
303,187,298
187,303,191
300,296,304
301,304,296
193,303,189
189,303,298
301,302,196
302,195,196
302,305,195
304,307,306
307,301,306
196,306,301
306,196,308
191,308,196
308,191,307
307,303,308
304,303,307
307,191,301
199,308,193
193,308,303
305,201,195
309,201,305
306,308,310
306,310,311
202,310,199
199,310,308
309,206,201
312,206,309
311,310,313
311,313,314
208,313,202
202,313,310
316,209,315
209,312,315
209,206,312
316,315,314
313,316,314
317,316,313
210,317,208
208,317,313
318,211,316
316,211,209
214,318,213
318,317,213
318,316,317
213,317,210
319,215,318
318,215,211
217,319,214
214,319,318
320,218,319
319,218,215
220,320,217
217,320,319
321,221,320
320,221,218
223,321,220
220,321,320
322,224,321
321,224,221
226,322,223
223,322,321
322,227,224
227,322,226
325,324,323
323,326,325
323,324,327
327,324,328
326,323,329
329,323,327
328,330,327
327,330,329
333,332,331
331,334,333
331,332,335
335,332,336
337,231,232
331,338,334
338,331,335
233,337,232
335,336,339
339,336,340
234,231,337
341,338,339
335,339,338
234,337,233
339,340,342
342,340,343
341,339,344
344,339,342
347,346,345
347,345,343
345,342,343
345,348,342
344,342,349
349,342,348
345,346,350
350,346,351
350,236,237
348,350,237
345,350,348
237,238,348
238,349,348
238,352,349
350,351,353
353,351,354
353,240,236
353,236,350
241,352,238
241,355,352
358,357,356
358,356,354
356,353,354
356,359,353
359,243,240
359,240,353
244,355,241
244,360,355
356,357,361
361,357,362
361,246,247
359,361,247
356,361,359
359,247,243
249,360,244
249,363,360
361,362,364
364,362,365
364,251,246
364,246,361
367,366,253
367,253,254
249,253,363
363,253,366
370,369,368
370,368,365
368,364,365
368,371,364
371,256,251
371,251,364
257,367,254
257,372,367
368,369,373
373,369,374
373,259,260
371,373,260
368,373,371
371,375,256
375,371,376
260,376,371
376,260,377
256,377,260
377,256,375
375,372,377
372,262,377
372,257,262
380,379,378
380,378,374
378,373,374
378,381,373
259,382,264
259,383,382
383,259,384
373,384,259
384,373,385
382,385,373
373,381,382
382,381,264
383,385,382
383,384,376
383,376,377
265,383,377
266,265,377
266,377,262
378,379,386
386,379,387
268,269,388
381,390,389
390,381,386
378,386,381
389,385,381
270,264,383
269,271,388
270,383,265
393,392,391
393,391,387
391,386,387
391,394,386
272,268,388
395,390,394
386,394,390
272,388,271
391,392,396
396,392,397
274,275,398
394,400,399
400,394,396
391,396,394
399,395,394
276,398,275
403,402,401
404,396,397
401,405,403
398,277,274
404,400,396
277,398,276
401,402,406
406,402,407
405,401,408
408,401,406
411,410,409
412,406,407
409,413,411
406,412,408
410,414,409
409,414,413
417,416,415
415,418,417
415,416,419
419,416,420
418,415,421
421,415,419
424,423,422
425,419,420
422,426,424
419,425,421
422,423,427
427,423,428
429,279,280
422,430,426
430,422,427
281,429,280
427,428,431
431,428,432
433,279,429
279,433,283
430,427,434
431,434,427
285,433,281
281,433,429
431,432,288
432,287,288
432,435,287
434,437,436
437,431,436
288,436,431
436,288,438
283,438,288
438,283,437
437,433,438
434,433,437
437,283,431
291,438,285
285,438,433
440,293,439
293,435,439
293,287,435
440,439,436
438,440,436
441,440,438
295,441,291
291,441,438
442,297,440
440,297,293
300,442,299
442,441,299
442,440,441
299,441,295
443,302,442
442,302,297
304,443,300
300,443,442
444,305,443
443,305,302
306,444,304
304,444,443
445,309,444
444,309,305
311,445,306
306,445,444
446,312,445
445,312,309
314,446,311
311,446,445
446,315,312
315,446,314
449,448,447
447,450,449
447,448,451
451,448,452
450,447,453
453,447,451
451,452,454
454,452,455
453,451,456
456,451,454
454,455,457
457,455,458
456,454,459
459,454,457
462,461,460
462,460,458
460,457,458
460,463,457
459,457,464
464,457,463
460,461,465
465,461,466
324,325,467
463,469,468
469,463,465
460,465,463
468,464,463
326,467,325
465,466,470
470,466,471
472,324,467
324,472,328
469,465,473
470,473,465
329,472,326
326,472,467
470,471,474
474,471,475
330,328,472
476,473,474
470,474,473
330,472,329
479,478,477
480,332,333
477,481,479
474,475,482
482,476,474
334,480,333
477,478,483
483,478,484
485,332,480
332,485,336
481,477,486
483,486,477
338,485,334
334,485,480
483,484,487
487,484,488
489,336,485
336,489,340
486,483,490
487,490,483
341,489,338
338,489,485
493,492,491
493,491,488
491,487,488
491,494,487
495,340,489
340,495,343
490,487,496
494,496,487
344,495,341
341,495,489
491,492,497
497,492,498
497,346,347
494,497,347
491,497,494
495,499,496
343,494,347
495,344,499
344,500,499
344,349,500
497,498,501
501,498,502
501,351,346
501,346,497
352,500,349
352,503,500
506,505,504
506,504,502
504,501,502
504,507,501
507,354,351
507,351,501
355,503,352
355,508,503
504,505,509
509,505,510
509,357,358
507,509,358
504,509,507
507,358,354
360,508,355
360,511,508
509,510,512
512,510,513
512,362,357
512,357,509
516,515,514
515,511,514
511,363,514
511,360,363
519,518,517
519,517,513
517,512,513
517,520,512
520,365,362
520,362,512
516,514,366
367,516,366
521,516,367
366,514,363
517,518,522
522,518,523
522,369,370
520,522,370
517,522,520
520,370,365
372,521,367
372,524,521
527,526,525
527,525,523
525,522,523
525,528,522
528,374,369
528,369,522
530,529,375
530,375,376
372,375,524
524,375,529
525,526,531
531,526,532
531,379,380
528,531,380
525,531,528
528,380,374
534,533,384
534,384,385
376,384,530
530,384,533
537,536,535
537,535,532
535,531,532
535,538,531
538,387,379
538,379,531
540,539,389
540,389,390
385,389,534
534,389,539
535,536,541
541,536,542
541,392,393
538,541,393
535,541,538
538,543,387
543,538,544
393,544,538
544,393,545
387,545,393
545,387,543
543,540,545
540,395,545
540,390,395
548,547,546
548,546,542
546,541,542
546,549,541
392,550,397
392,551,550
551,392,552
541,552,392
552,541,553
550,553,541
541,549,550
550,549,397
551,553,550
551,552,544
551,544,545
400,551,545
399,400,545
399,545,395
546,547,554
554,547,555
402,403,556
549,558,557
558,549,554
546,554,549
557,553,549
404,397,551
403,405,556
404,551,400
561,560,559
562,554,555
559,563,561
562,558,554
407,402,564
556,564,402
408,564,405
405,564,556
567,566,565
567,565,560
565,559,560
565,568,559
569,410,411
559,570,563
570,559,568
407,564,412
569,411,413
412,564,408
565,566,571
571,566,572
574,568,573
568,571,573
568,565,571
569,414,410
574,570,568
414,569,413
572,575,571
576,416,417
575,573,571
418,576,417
577,420,576
576,420,416
421,577,418
418,577,576
578,423,424
420,577,425
578,424,426
425,577,421
579,428,578
578,428,423
430,579,426
426,579,578
580,432,579
579,432,428
434,580,430
430,580,579
581,435,580
580,435,432
436,581,434
434,581,580
581,439,435
439,581,436
584,583,582
586,585,582
582,585,584
586,587,585
582,583,588
588,583,589
588,448,449
586,588,449
582,588,586
449,450,586
450,587,586
450,590,587
588,589,591
591,589,592
591,452,448
591,448,588
453,590,450
453,593,590
596,595,594
596,594,592
594,591,592
594,597,591
597,455,452
597,452,591
456,593,453
456,598,593
594,595,599
599,595,600
594,601,597
594,599,601
455,602,458
455,603,602
603,455,604
597,604,455
604,597,605
602,605,597
597,601,602
602,601,458
603,605,602
604,598,603
598,459,603
598,456,459
599,600,606
606,600,607
606,461,462
601,606,462
599,606,601
605,609,608
609,601,608
462,608,601
608,462,610
458,610,462
610,458,609
609,603,610
605,603,609
609,458,601
464,610,459
459,610,603
606,607,611
611,607,612
461,613,466
461,614,613
614,461,615
606,615,461
615,606,616
613,616,606
606,611,613
613,611,466
614,616,613
614,615,608
614,608,610
469,614,610
468,469,610
468,610,464
611,612,617
617,612,618
619,466,614
466,619,471
616,611,620
617,620,611
473,619,469
469,619,614
623,622,621
623,621,618
621,617,618
621,624,617
625,471,619
471,625,475
620,617,626
624,626,617
476,625,473
473,625,619
621,622,627
627,622,628
627,478,479
624,627,479
621,627,624
625,482,475
481,624,479
624,481,626
629,626,481
482,625,476
627,628,630
630,628,631
478,632,484
478,633,632
633,478,634
627,634,478
634,627,635
632,635,627
627,630,632
632,630,484
633,635,632
634,629,633
629,486,633
629,481,486
630,631,636
636,631,637
638,484,633
484,638,488
635,630,639
636,639,630
490,638,486
486,638,633
642,641,640
642,640,637
637,640,636
640,492,636
492,493,636
638,643,639
488,636,493
638,490,643
490,644,643
490,496,644
640,641,645
645,641,646
645,498,492
645,492,640
496,499,647
648,496,647
644,496,648
500,647,499
651,650,649
651,649,646
649,645,646
649,652,645
652,502,498
652,498,645
648,647,653
648,653,654
503,653,500
500,653,647
649,650,655
655,650,656
655,505,506
652,655,506
649,655,652
652,506,502
654,653,657
654,657,658
508,657,503
503,657,653
655,656,659
659,656,660
659,510,505
659,505,655
658,657,661
658,661,662
511,661,508
508,661,657
665,664,663
665,663,660
663,659,660
663,666,659
666,513,510
666,510,659
662,661,515
516,662,515
667,662,516
515,661,511
663,664,668
668,664,669
668,518,519
666,668,519
663,668,666
666,519,513
521,667,516
521,670,667
673,672,671
673,671,669
671,668,669
671,674,668
674,523,518
674,518,668
677,676,675
676,670,675
670,524,675
670,521,524
671,672,678
678,672,679
678,526,527
674,678,527
671,678,674
674,527,523
682,681,680
680,681,677
680,677,675
530,680,675
529,530,675
529,675,524
685,684,683
685,683,679
683,678,679
683,686,678
686,532,526
686,526,678
689,688,687
687,688,682
687,682,680
534,687,680
533,534,680
533,680,530
692,691,690
692,690,684
690,683,684
690,693,683
693,536,537
686,693,537
683,693,686
686,537,532
696,695,694
694,695,689
694,689,687
540,694,687
539,540,687
539,687,534
690,691,697
697,691,698
690,699,693
690,697,699
699,542,536
699,536,693
702,701,700
700,701,696
700,696,694
544,700,694
543,544,694
543,694,540
705,704,703
705,703,698
703,697,698
703,706,697
547,548,707
699,709,708
709,699,706
697,706,699
711,710,708
711,699,710
699,711,542
712,542,711
542,712,548
710,548,712
712,707,710
710,707,708
699,548,710
712,711,702
712,702,700
553,712,700
552,553,700
552,700,544
703,704,713
713,704,714
716,706,715
706,713,715
706,703,713
716,709,706
555,547,717
707,717,547
558,717,557
717,712,557
717,707,712
557,712,553
713,714,718
718,714,719
720,560,561
713,721,715
721,713,718
555,717,562
720,561,563
562,717,558
722,566,567
719,723,718
718,723,721
567,560,722
720,722,560
722,720,724
570,724,563
563,724,720
725,572,722
722,572,566
573,725,574
725,724,574
725,722,724
574,724,570
725,575,572
575,725,573
728,727,726
726,729,728
731,730,584
584,730,583
585,726,727
731,585,727
584,585,731
585,587,726
587,729,726
587,732,729
735,734,733
730,735,733
589,730,733
583,730,589
590,732,587
590,736,732
733,734,737
737,734,738
737,592,589
737,589,733
741,740,739
740,736,739
736,593,739
736,590,593
737,738,596
738,595,596
738,742,595
737,596,592
741,739,743
741,743,744
598,743,593
593,743,739
747,746,745
742,747,745
600,742,745
595,742,600
750,749,748
748,749,744
748,744,743
605,748,743
604,605,743
604,743,598
745,746,751
751,746,752
751,607,600
751,600,745
750,748,753
750,753,754
608,753,605
605,753,748
751,752,755
755,752,756
755,612,607
755,607,751
754,753,615
616,754,615
757,754,616
615,753,608
760,759,758
760,758,756
758,755,756
758,761,755
612,762,618
612,763,762
763,612,764
755,764,612
764,755,765
762,765,755
755,761,762
762,761,618
763,765,762
764,757,763
757,620,763
757,616,620
758,759,766
766,759,767
766,622,623
761,766,623
758,766,761
765,769,768
769,761,768
623,768,761
768,623,770
618,770,623
770,618,769
769,763,770
765,763,769
769,618,761
626,770,620
620,770,763
766,767,771
771,767,772
771,628,622
771,622,766
768,770,773
768,773,774
629,773,626
626,773,770
777,776,775
777,775,772
775,771,772
775,778,771
778,631,628
778,628,771
774,773,634
635,774,634
779,774,635
634,773,629
775,776,780
780,776,781
775,782,778
775,780,782
782,637,631
782,631,778
639,779,635
639,783,779
780,781,784
784,781,785
784,641,642
782,784,642
780,784,782
782,642,637
639,643,786
787,639,786
783,639,787
644,786,643
790,789,788
790,788,785
788,784,785
788,791,784
791,646,641
791,641,784
787,786,792
787,792,793
648,792,644
644,792,786
788,789,794
794,789,795
794,650,651
791,794,651
788,794,791
791,651,646
793,792,796
793,796,797
654,796,648
648,796,792
800,799,798
800,798,795
798,794,795
798,801,794
801,656,650
801,650,794
797,796,802
797,802,803
658,802,654
654,802,796
798,799,804
804,799,805
798,806,801
798,804,806
806,660,656
806,656,801
803,802,807
803,807,808
662,807,658
658,807,802
811,810,809
811,809,805
809,804,805
809,812,804
812,664,665
806,812,665
804,812,806
806,665,660
808,807,813
808,813,814
667,813,662
662,813,807
809,810,815
815,810,816
809,817,812
809,815,817
817,669,664
817,664,812
820,819,818
818,819,814
813,818,814
821,818,813
670,821,667
667,821,813
824,823,822
824,822,816
822,815,816
822,825,815
825,672,673
817,825,673
815,825,817
817,673,669
820,818,826
820,826,827
677,826,676
826,821,676
826,818,821
676,821,670
830,829,828
830,828,823
828,822,823
828,831,822
822,832,825
822,831,832
832,679,672
832,672,825
835,834,833
833,834,827
833,827,826
682,833,826
681,682,826
681,826,677
828,829,836
836,829,837
828,838,831
828,836,838
838,684,685
832,838,685
831,838,832
832,685,679
841,840,839
843,842,839
843,839,840
842,843,835
842,835,833
689,842,833
688,689,833
688,833,682
836,837,844
844,837,845
844,691,692
838,844,692
836,844,838
838,846,684
846,838,847
692,847,838
847,692,848
684,848,692
848,684,846
850,849,848
850,848,846
849,850,841
839,849,841
851,849,839
696,851,695
851,842,695
851,839,842
695,842,689
844,845,852
852,845,853
691,854,698
691,855,854
855,691,856
844,856,691
856,844,857
854,857,844
844,852,854
854,852,698
855,857,854
855,856,847
848,855,847
858,855,848
859,848,849
858,848,859
702,859,701
859,851,701
859,849,851
701,851,696
860,704,705
853,861,852
852,861,857
705,698,860
855,860,698
860,855,862
709,862,708
862,858,708
862,855,858
708,858,711
711,858,859
711,859,702
863,714,860
860,714,704
715,863,716
863,862,716
863,860,862
716,862,709
864,719,863
863,719,714
721,864,715
715,864,863
864,723,719
723,864,721
866,865,728
728,865,727
728,729,866
866,729,867
869,868,731
731,868,730
865,870,727
870,871,727
872,727,871
727,872,731
873,731,872
731,873,870
870,869,731
865,869,870
870,873,871
871,867,872
867,732,872
867,729,732
875,874,735
735,874,734
735,730,868
735,868,875
873,872,876
873,876,877
736,876,732
732,876,872
880,879,878
874,880,878
738,874,878
734,874,738
883,882,881
881,882,877
881,877,876
741,881,876
740,741,876
740,876,736
878,879,884
884,879,885
884,742,738
884,738,878
883,881,886
883,886,887
744,886,741
741,886,881
890,889,888
890,888,885
885,888,884
888,746,884
746,747,884
884,891,742
891,884,892
747,892,884
892,747,893
742,893,747
893,742,891
893,891,887
893,887,886
750,893,886
749,750,886
749,886,744
888,889,894
894,889,895
894,752,746
894,746,888
892,893,896
892,896,897
754,896,750
750,896,893
894,895,898
898,895,899
898,756,752
898,752,894
897,896,900
897,900,901
757,900,754
754,900,896
904,903,902
904,902,899
899,902,898
902,759,898
759,760,898
898,760,756
901,900,764
765,901,764
905,901,765
764,900,757
902,903,906
906,903,907
906,767,759
906,759,902
910,909,908
909,905,908
905,768,908
905,765,768
913,912,911
913,911,907
911,906,907
911,914,906
914,772,767
914,767,906
910,908,915
910,915,916
774,915,768
768,915,908
911,912,917
917,912,918
917,776,777
914,917,777
911,917,914
914,777,772
916,915,919
916,919,920
779,919,774
774,919,915
923,922,921
923,921,918
921,917,918
921,924,917
924,781,776
924,776,917
920,919,925
920,925,926
783,925,779
779,925,919
921,922,927
927,922,928
921,929,924
921,927,929
929,785,781
929,781,924
926,925,930
926,930,931
787,930,783
783,930,925
934,933,932
934,932,928
932,927,928
932,935,927
935,789,790
929,935,790
927,935,929
929,790,785
938,937,936
936,937,931
930,936,931
939,936,930
793,939,787
787,939,930
932,933,940
940,933,941
932,942,935
932,940,942
942,795,789
942,789,935
938,936,943
938,943,944
945,936,939
943,936,945
797,945,793
793,945,939
948,947,946
948,946,941
946,940,941
946,949,940
949,799,800
942,949,800
940,949,942
942,800,795
944,943,950
944,950,951
952,943,945
950,943,952
803,952,797
797,952,945
946,947,953
953,947,954
946,955,949
946,953,955
955,805,799
955,799,949
951,950,956
951,956,957
958,950,952
956,950,958
808,958,803
803,958,952
961,960,959
961,959,954
959,953,954
959,962,953
962,810,811
955,962,811
953,962,955
955,811,805
957,956,963
957,963,964
965,956,958
963,956,965
814,965,808
808,965,958
959,960,966
966,960,967
959,968,962
959,966,968
968,816,810
968,810,962
971,970,969
969,970,964
963,969,964
972,969,963
820,972,819
972,965,819
972,963,965
819,965,814
966,967,973
973,967,974
973,823,824
968,973,824
966,973,968
968,824,816
977,976,975
975,976,971
969,975,971
978,975,969
979,969,972
978,969,979
827,979,820
820,979,972
973,974,830
974,829,830
974,980,829
973,830,823
983,982,981
985,984,981
985,981,982
984,985,977
975,984,977
986,984,975
987,975,978
986,975,987
835,987,834
987,979,834
987,978,979
834,979,827
980,837,829
988,837,980
991,990,989
989,990,983
981,989,983
992,989,981
993,981,984
992,981,993
841,993,840
993,986,840
993,984,986
840,986,843
843,986,987
843,987,835
995,845,994
845,988,994
845,837,988
995,994,991
989,995,991
996,995,989
847,996,846
996,992,846
996,989,992
846,992,850
850,992,993
850,993,841
997,853,995
995,853,845
857,997,856
997,996,856
997,995,996
856,996,847
997,861,853
861,997,857
1000,999,998
865,866,1001
1000,998,1002
867,1001,866
1005,1004,1003
1006,868,869
1003,1007,1005
998,999,1008
1008,1002,998
871,865,1001
869,873,1006
871,1001,867
1011,1010,1009
1011,1009,1004
1004,1009,1003
1009,874,1003
874,875,1003
1007,1013,1012
1013,1003,1012
875,1012,1003
1012,875,1014
868,1014,875
1014,868,1013
1013,1006,1014
1007,1006,1013
1013,868,1003
877,1014,873
873,1014,1006
1009,1010,880
1010,879,880
1010,1015,879
1009,1016,874
1016,1009,1017
880,1017,1009
1017,880,1018
874,1018,880
1018,874,1016
1018,1016,1012
1018,1012,1014
883,1018,1014
882,883,1014
882,1014,877
1021,1020,1019
1015,1021,1019
885,1015,1019
879,1015,885
1017,1018,1022
1017,1022,1023
887,1022,883
883,1022,1018
1026,1025,1024
1026,1024,1020
1020,1024,1019
1024,889,1019
889,890,1019
1019,890,885
1023,1022,891
892,1023,891
1027,1023,892
891,1022,887
1024,1025,1028
1028,1025,1029
1028,895,889
1028,889,1024
1032,1031,1030
1031,1027,1030
1027,897,1030
1027,892,897
1035,1034,1033
1035,1033,1029
1033,1028,1029
1033,1036,1028
1036,899,895
1036,895,1028
1032,1030,1037
1032,1037,1038
901,1037,897
897,1037,1030
1033,1034,1039
1039,1034,1040
1039,903,904
1036,1039,904
1033,1039,1036
1036,904,899
1038,1037,1041
1038,1041,1042
905,1041,901
901,1041,1037
1045,1044,1043
1045,1043,1040
1043,1039,1040
1043,1046,1039
1046,907,903
1046,903,1039
1049,1048,1047
1047,1048,1042
1047,1042,1041
910,1047,1041
909,910,1041
909,1041,905
1043,1044,1050
1050,1044,1051
1050,912,913
1046,1050,913
1043,1050,1046
1046,913,907
1049,1047,1052
1049,1052,1053
916,1052,910
910,1052,1047
1056,1055,1054
1056,1054,1051
1054,1050,1051
1054,1057,1050
1057,918,912
1057,912,1050
1053,1052,1058
1053,1058,1059
920,1058,916
916,1058,1052
1054,1055,1060
1060,1055,1061
1060,922,923
1057,1060,923
1054,1060,1057
1057,923,918
1059,1058,1062
1059,1062,1063
926,1062,920
920,1062,1058
1066,1065,1064
1066,1064,1061
1064,1060,1061
1064,1067,1060
1067,928,922
1067,922,1060
1070,1069,1068
1068,1069,1063
1062,1068,1063
1071,1068,1062
931,1071,926
926,1071,1062
1074,1073,1072
1074,1072,1065
1072,1064,1065
1072,1075,1064
1075,933,934
1067,1075,934
1064,1075,1067
1067,934,928
1070,1068,1076
1070,1076,1077
938,1076,937
1076,1071,937
1076,1068,1071
937,1071,931
1072,1073,1078
1078,1073,1079
1072,1080,1075
1072,1078,1080
1080,941,933
1080,933,1075
1077,1076,1081
1077,1081,1082
944,1081,938
938,1081,1076
1078,1079,1083
1083,1079,1084
1083,947,948
1080,1083,948
1078,1083,1080
1080,948,941
1082,1081,1085
1082,1085,1086
951,1085,944
944,1085,1081
1083,1084,1087
1087,1084,1088
1087,954,947
1087,947,1083
1091,1090,1089
1089,1090,1086
1085,1089,1086
1092,1089,1085
957,1092,951
951,1092,1085
1087,1088,961
1088,960,961
1088,1093,960
1087,961,954
1096,1095,1094
1094,1095,1091
1089,1094,1091
1097,1094,1089
1098,1089,1092
1097,1089,1098
964,1098,957
957,1098,1092
1093,967,960
1099,967,1093
1102,1101,1100
1100,1101,1096
1094,1100,1096
1103,1100,1094
1104,1094,1097
1103,1094,1104
971,1104,970
1104,1098,970
1104,1097,1098
970,1098,964
1099,974,967
1105,974,1099
1108,1107,1106
1106,1107,1102
1100,1106,1102
1109,1106,1100
1110,1100,1103
1109,1100,1110
977,1110,976
1110,1104,976
1110,1103,1104
976,1104,971
1112,980,1111
980,1105,1111
980,974,1105
1112,1111,1108
1106,1112,1108
1113,1112,1106
983,1113,982
1113,1109,982
1113,1106,1109
982,1109,985
985,1109,1110
985,1110,977
1114,988,1112
1112,988,980
991,1114,990
1114,1113,990
1114,1112,1113
990,1113,983
1114,994,988
994,1114,991
1117,1116,1115
1115,1118,1117
1119,999,1000
1116,1120,1115
1120,1118,1115
1002,1119,1000
1121,1004,1005
999,1119,1008
1121,1005,1007
1008,1119,1002
1124,1123,1122
1010,1011,1125
1124,1122,1126
1004,1121,1011
1121,1125,1011
1121,1127,1125
1012,1127,1007
1007,1127,1121
1130,1129,1128
1130,1128,1123
1128,1122,1123
1128,1131,1122
1132,1010,1125
1010,1132,1015
1126,1122,1133
1131,1133,1122
1017,1132,1016
1132,1127,1016
1132,1125,1127
1016,1127,1012
1128,1129,1134
1134,1129,1135
1134,1020,1021
1131,1134,1021
1128,1134,1131
1133,1137,1136
1137,1131,1136
1021,1136,1131
1136,1021,1138
1015,1138,1021
1138,1015,1137
1137,1132,1138
1133,1132,1137
1137,1015,1131
1023,1138,1017
1017,1138,1132
1141,1140,1139
1141,1139,1135
1135,1139,1134
1139,1025,1134
1025,1026,1134
1134,1142,1020
1142,1134,1143
1026,1143,1134
1143,1026,1144
1020,1144,1026
1144,1020,1142
1144,1142,1136
1138,1144,1136
1145,1144,1138
1027,1145,1023
1023,1145,1138
1148,1147,1146
1148,1146,1140
1146,1139,1140
1146,1149,1139
1149,1029,1025
1149,1025,1139
1143,1144,1150
1143,1150,1151
1032,1150,1031
1150,1145,1031
1150,1144,1145
1031,1145,1027
1146,1147,1152
1152,1147,1153
1152,1034,1035
1149,1152,1035
1146,1152,1149
1149,1035,1029
1151,1150,1154
1151,1154,1155
1038,1154,1032
1032,1154,1150
1158,1157,1156
1158,1156,1153
1156,1152,1153
1156,1159,1152
1159,1040,1034
1159,1034,1152
1155,1154,1160
1155,1160,1161
1042,1160,1038
1038,1160,1154
1164,1163,1162
1164,1162,1157
1162,1156,1157
1162,1165,1156
1165,1044,1045
1159,1165,1045
1156,1165,1159
1159,1045,1040
1168,1167,1166
1166,1167,1161
1166,1161,1160
1049,1166,1160
1048,1049,1160
1048,1160,1042
1162,1163,1169
1169,1163,1170
1162,1171,1165
1162,1169,1171
1171,1051,1044
1171,1044,1165
1168,1166,1172
1168,1172,1173
1053,1172,1049
1049,1172,1166
1176,1175,1174
1176,1174,1170
1174,1169,1170
1174,1177,1169
1177,1055,1056
1171,1177,1056
1169,1177,1171
1171,1056,1051
1173,1172,1178
1173,1178,1179
1059,1178,1053
1053,1178,1172
1174,1175,1180
1180,1175,1181
1174,1182,1177
1174,1180,1182
1182,1061,1055
1182,1055,1177
1179,1178,1183
1179,1183,1184
1063,1183,1059
1059,1183,1178
1180,1181,1185
1185,1181,1186
1185,1065,1066
1182,1185,1066
1180,1185,1182
1182,1066,1061
1189,1188,1187
1187,1188,1184
1187,1184,1183
1070,1187,1183
1069,1070,1183
1069,1183,1063
1185,1186,1074
1186,1073,1074
1186,1190,1073
1185,1074,1065
1189,1187,1191
1189,1191,1192
1077,1191,1070
1070,1191,1187
1190,1079,1073
1193,1079,1190
1196,1195,1194
1194,1195,1192
1191,1194,1192
1197,1194,1191
1082,1197,1077
1077,1197,1191
1193,1084,1079
1198,1084,1193
1196,1194,1199
1196,1199,1200
1201,1194,1197
1199,1194,1201
1086,1201,1082
1082,1201,1197
1198,1088,1084
1202,1088,1198
1205,1204,1203
1203,1204,1200
1199,1203,1200
1206,1203,1199
1091,1206,1090
1206,1201,1090
1206,1199,1201
1090,1201,1086
1202,1093,1088
1207,1093,1202
1210,1209,1208
1208,1209,1205
1203,1208,1205
1211,1208,1203
1096,1211,1095
1211,1206,1095
1211,1203,1206
1095,1206,1091
1213,1099,1212
1099,1207,1212
1099,1093,1207
1213,1212,1210
1208,1213,1210
1214,1213,1208
1102,1214,1101
1214,1211,1101
1214,1208,1211
1101,1211,1096
1215,1105,1213
1213,1105,1099
1108,1215,1107
1215,1214,1107
1215,1213,1214
1107,1214,1102
1215,1111,1105
1111,1215,1108
1218,1217,1216
1216,1219,1218
1216,1217,1220
1220,1217,1221
1219,1216,1222
1222,1216,1220
1220,1221,1223
1223,1221,1224
1222,1220,1225
1225,1220,1223
1224,1226,1223
1223,1226,1225
1229,1228,1227
1227,1230,1229
1227,1228,1231
1231,1228,1232
1230,1227,1233
1233,1227,1231
1232,1234,1231
1231,1234,1233
1235,1116,1117
1118,1235,1117
1235,1120,1116
1120,1235,1118
1238,1237,1236
1123,1124,1239
1238,1236,1240
1126,1239,1124
1243,1242,1241
1243,1241,1237
1237,1241,1236
1241,1129,1236
1129,1130,1236
1240,1245,1244
1245,1236,1244
1130,1244,1236
1244,1130,1246
1123,1246,1130
1246,1123,1245
1245,1239,1246
1240,1239,1245
1245,1123,1236
1133,1246,1126
1126,1246,1239
1249,1248,1247
1249,1247,1242
1247,1241,1242
1247,1250,1241
1250,1135,1129
1250,1129,1241
1244,1246,1251
1244,1251,1252
1136,1251,1133
1133,1251,1246
1255,1254,1253
1255,1253,1248
1253,1247,1248
1253,1256,1247
1256,1140,1141
1250,1256,1141
1247,1256,1250
1250,1257,1135
1257,1250,1258
1141,1258,1250
1258,1141,1259
1135,1259,1141
1259,1135,1257
1259,1257,1252
1259,1252,1251
1143,1259,1251
1142,1143,1251
1142,1251,1136
1262,1261,1260
1262,1260,1254
1260,1253,1254
1260,1263,1253
1263,1147,1148
1256,1263,1148
1253,1263,1256
1256,1148,1140
1258,1259,1264
1258,1264,1265
1151,1264,1143
1143,1264,1259
1260,1261,1266
1266,1261,1267
1260,1268,1263
1260,1266,1268
1268,1153,1147
1268,1147,1263
1265,1264,1269
1265,1269,1270
1155,1269,1151
1151,1269,1264
1273,1272,1271
1273,1271,1267
1271,1266,1267
1271,1274,1266
1274,1157,1158
1268,1274,1158
1266,1274,1268
1268,1158,1153
1277,1276,1275
1275,1276,1270
1269,1275,1270
1278,1275,1269
1161,1278,1155
1155,1278,1269
1271,1272,1279
1279,1272,1280
1279,1163,1164
1274,1279,1164
1271,1279,1274
1274,1164,1157
1277,1275,1281
1277,1281,1282
1168,1281,1167
1281,1278,1167
1281,1275,1278
1167,1278,1161
1279,1280,1283
1283,1280,1284
1283,1170,1163
1283,1163,1279
1282,1281,1285
1282,1285,1286
1173,1285,1168
1168,1285,1281
1283,1284,1176
1284,1175,1176
1284,1287,1175
1283,1176,1170
1286,1285,1288
1286,1288,1289
1179,1288,1173
1173,1288,1285
1287,1181,1175
1290,1181,1287
1293,1292,1291
1291,1292,1289
1288,1291,1289
1294,1291,1288
1184,1294,1179
1179,1294,1288
1290,1186,1181
1295,1186,1290
1293,1291,1296
1293,1296,1297
1189,1296,1188
1296,1294,1188
1296,1291,1294
1188,1294,1184
1295,1190,1186
1298,1190,1295
1301,1300,1299
1299,1300,1297
1296,1299,1297
1302,1299,1296
1192,1302,1189
1189,1302,1296
1298,1193,1190
1303,1193,1298
1301,1299,1304
1301,1304,1305
1196,1304,1195
1304,1302,1195
1304,1299,1302
1195,1302,1192
1303,1198,1193
1306,1198,1303
1309,1308,1307
1307,1308,1305
1304,1307,1305
1310,1307,1304
1200,1310,1196
1196,1310,1304
1312,1202,1311
1202,1306,1311
1202,1198,1306
1312,1311,1309
1307,1312,1309
1313,1312,1307
1205,1313,1204
1313,1310,1204
1313,1307,1310
1204,1310,1200
1314,1207,1312
1312,1207,1202
1210,1314,1209
1314,1313,1209
1314,1312,1313
1209,1313,1205
1314,1212,1207
1212,1314,1210
1317,1316,1315
1315,1318,1317
1315,1316,1319
1319,1316,1320
1318,1315,1321
1315,1322,1321
1315,1319,1322
1322,1323,1321
1319,1320,1324
1324,1320,1325
1319,1326,1322
1319,1324,1326
1323,1322,1327
1327,1322,1326
1324,1325,1328
1328,1325,1329
1324,1330,1326
1324,1328,1330
1327,1326,1331
1326,1332,1331
1326,1330,1332
1332,1333,1331
1328,1329,1334
1334,1329,1335
1328,1336,1330
1328,1334,1336
1330,1337,1332
1330,1336,1337
1333,1332,1338
1338,1332,1337
1334,1335,1339
1339,1335,1340
1334,1341,1336
1334,1339,1341
1341,1217,1218
1337,1341,1218
1336,1341,1337
1218,1219,1337
1219,1338,1337
1219,1342,1338
1339,1340,1343
1343,1340,1344
1339,1345,1341
1339,1343,1345
1217,1346,1221
1217,1347,1346
1347,1217,1348
1341,1348,1217
1348,1341,1349
1346,1349,1341
1341,1345,1346
1346,1345,1221
1347,1349,1346
1348,1342,1347
1342,1222,1347
1342,1219,1222
1343,1344,1350
1350,1344,1351
1343,1352,1345
1343,1350,1352
1353,1221,1347
1221,1353,1224
1349,1345,1354
1352,1354,1345
1225,1353,1222
1222,1353,1347
1350,1351,1355
1355,1351,1356
1350,1357,1352
1350,1355,1357
1226,1224,1353
1358,1354,1357
1352,1357,1354
1226,1353,1225
1355,1356,1359
1359,1356,1360
1359,1228,1229
1357,1359,1229
1355,1359,1357
1229,1230,1357
1230,1358,1357
1230,1361,1358
1360,1362,1359
1232,1228,1359
1363,1232,1359
1362,1363,1359
1232,1363,1364
1363,1361,1364
1361,1233,1364
1361,1230,1233
1367,1366,1365
1365,1368,1367
1364,1234,1232
1234,1364,1233
1366,1369,1365
1365,1369,1368
1372,1371,1370
1374,1373,1370
1370,1373,1372
1237,1238,1375
1373,1374,1376
1240,1375,1238
1379,1378,1377
1379,1377,1371
1377,1370,1371
1377,1380,1370
1380,1242,1243
1374,1380,1243
1370,1380,1374
1376,1382,1381
1382,1374,1381
1243,1381,1374
1381,1243,1383
1237,1383,1243
1383,1237,1382
1382,1375,1383
1376,1375,1382
1382,1237,1374
1244,1383,1240
1240,1383,1375
1386,1385,1384
1386,1384,1378
1384,1377,1378
1384,1387,1377
1387,1248,1249
1380,1387,1249
1377,1387,1380
1380,1388,1242
1388,1380,1389
1249,1389,1380
1389,1249,1390
1242,1390,1249
1390,1242,1388
1390,1388,1381
1383,1390,1381
1391,1390,1383
1252,1391,1244
1244,1391,1383
1394,1393,1392
1394,1392,1385
1392,1384,1385
1392,1395,1384
1395,1254,1255
1387,1395,1255
1384,1395,1387
1387,1255,1248
1389,1390,1396
1389,1396,1397
1258,1396,1257
1396,1391,1257
1396,1390,1391
1257,1391,1252
1392,1393,1398
1398,1393,1399
1398,1261,1262
1395,1398,1262
1392,1398,1395
1395,1262,1254
1397,1396,1400
1397,1400,1401
1265,1400,1258
1258,1400,1396
1398,1399,1402
1402,1399,1403
1402,1267,1261
1402,1261,1398
1406,1405,1404
1404,1405,1401
1400,1404,1401
1407,1404,1400
1270,1407,1265
1265,1407,1400
1402,1403,1273
1403,1272,1273
1403,1408,1272
1402,1273,1267
1406,1404,1409
1406,1409,1410
1277,1409,1276
1409,1407,1276
1409,1404,1407
1276,1407,1270
1408,1280,1272
1411,1280,1408
1410,1409,1412
1410,1412,1413
1282,1412,1277
1277,1412,1409
1411,1284,1280
1414,1284,1411
1413,1412,1415
1413,1415,1416
1286,1415,1282
1282,1415,1412
1414,1287,1284
1417,1287,1414
1420,1419,1418
1418,1419,1416
1415,1418,1416
1421,1418,1415
1289,1421,1286
1286,1421,1415
1417,1290,1287
1422,1290,1417
1420,1418,1423
1420,1423,1424
1293,1423,1292
1423,1421,1292
1423,1418,1421
1292,1421,1289
1422,1295,1290
1425,1295,1422
1428,1427,1426
1426,1427,1424
1423,1426,1424
1429,1426,1423
1297,1429,1293
1293,1429,1423
1431,1298,1430
1298,1425,1430
1298,1295,1425
1431,1430,1428
1426,1431,1428
1432,1431,1426
1301,1432,1300
1432,1429,1300
1432,1426,1429
1300,1429,1297
1433,1303,1431
1431,1303,1298
1434,1431,1432
1433,1431,1434
1305,1434,1301
1301,1434,1432
1435,1306,1433
1433,1306,1303
1309,1435,1308
1435,1434,1308
1435,1433,1434
1308,1434,1305
1435,1311,1306
1311,1435,1309
1438,1437,1436
1436,1439,1438
1436,1437,1440
1440,1437,1441
1442,1316,1317
1436,1443,1439
1443,1436,1440
1318,1442,1317
1440,1441,1444
1444,1441,1445
1316,1446,1320
1446,1442,1320
1447,1320,1442
1320,1447,1444
1443,1444,1447
1444,1443,1446
1446,1440,1444
1316,1440,1446
1446,1443,1442
1449,1447,1448
1448,1447,1321
1447,1442,1321
1442,1318,1321
1323,1448,1321
1444,1445,1450
1450,1445,1451
1450,1325,1320
1450,1320,1444
1449,1448,1452
1449,1452,1453
1327,1452,1323
1323,1452,1448
1450,1451,1454
1454,1451,1455
1454,1329,1325
1454,1325,1450
1456,1453,1452
1458,1456,1457
1457,1456,1331
1456,1452,1331
1452,1327,1331
1333,1457,1331
1454,1455,1459
1459,1455,1460
1459,1335,1329
1459,1329,1454
1458,1457,1461
1458,1461,1462
1338,1461,1333
1333,1461,1457
1459,1460,1463
1463,1460,1464
1463,1340,1335
1463,1335,1459
1462,1461,1465
1462,1465,1466
1342,1465,1338
1338,1465,1461
1463,1464,1467
1467,1464,1468
1467,1344,1340
1467,1340,1463
1466,1465,1348
1349,1466,1348
1469,1466,1349
1348,1465,1342
1467,1468,1470
1470,1468,1471
1470,1351,1344
1470,1344,1467
1474,1473,1472
1473,1469,1472
1469,1354,1472
1469,1349,1354
1470,1471,1475
1475,1471,1476
1351,1477,1356
1351,1478,1477
1478,1351,1479
1470,1479,1351
1479,1470,1480
1477,1480,1470
1470,1475,1477
1477,1475,1356
1478,1480,1477
1478,1479,1474
1472,1478,1474
1481,1478,1472
1358,1481,1354
1354,1481,1472
1484,1483,1482
1484,1482,1476
1482,1475,1476
1482,1485,1475
1486,1356,1478
1356,1486,1360
1480,1475,1487
1485,1487,1475
1488,1478,1481
1486,1478,1488
1361,1488,1358
1358,1488,1481
1482,1483,1489
1489,1483,1490
1492,1485,1491
1485,1489,1491
1485,1482,1489
1486,1362,1360
1492,1487,1485
1362,1486,1363
1363,1486,1488
1363,1488,1361
1490,1493,1489
1494,1366,1367
1493,1491,1489
1368,1494,1367
1494,1369,1366
1369,1494,1368
1497,1496,1495
1495,1498,1497
1501,1500,1499
1503,1502,1499
1499,1502,1501
1504,1495,1496
1503,1505,1502
1495,1504,1498
1508,1507,1506
1510,1509,1506
1506,1509,1508
1509,1510,1500
1510,1499,1500
1510,1511,1499
1511,1371,1372
1503,1511,1372
1499,1511,1503
1372,1373,1503
1373,1512,1503
1512,1505,1503
1373,1513,1512
1376,1513,1373
1506,1507,1514
1514,1507,1515
1506,1516,1510
1506,1514,1516
1516,1378,1379
1511,1516,1379
1510,1516,1511
1511,1517,1371
1517,1511,1518
1379,1518,1511
1518,1379,1519
1371,1519,1379
1519,1371,1517
1519,1517,1512
1513,1519,1512
1520,1519,1513
1381,1520,1376
1376,1520,1513
1514,1515,1521
1521,1515,1522
1521,1385,1386
1516,1521,1386
1514,1521,1516
1516,1386,1378
1518,1519,1523
1518,1523,1524
1389,1523,1388
1523,1520,1388
1523,1519,1520
1388,1520,1381
1521,1522,1394
1522,1393,1394
1522,1525,1393
1521,1394,1385
1524,1523,1526
1524,1526,1527
1397,1526,1389
1389,1526,1523
1525,1399,1393
1528,1399,1525
1531,1530,1529
1529,1530,1527
1526,1529,1527
1532,1529,1526
1401,1532,1397
1397,1532,1526
1528,1403,1399
1533,1403,1528
1531,1529,1534
1531,1534,1535
1406,1534,1405
1534,1532,1405
1534,1529,1532
1405,1532,1401
1533,1408,1403
1536,1408,1533
1535,1534,1537
1535,1537,1538
1410,1537,1406
1406,1537,1534
1536,1411,1408
1539,1411,1536
1542,1541,1540
1540,1541,1538
1537,1540,1538
1543,1540,1537
1413,1543,1410
1410,1543,1537
1539,1414,1411
1544,1414,1539
1542,1540,1545
1542,1545,1546
1547,1540,1543
1545,1540,1547
1416,1547,1413
1413,1547,1543
1549,1417,1548
1417,1544,1548
1417,1414,1544
1549,1548,1546
1545,1549,1546
1550,1549,1545
1420,1550,1419
1550,1547,1419
1550,1545,1547
1419,1547,1416
1551,1422,1549
1549,1422,1417
1552,1549,1550
1551,1549,1552
1424,1552,1420
1420,1552,1550
1553,1425,1551
1551,1425,1422
1428,1553,1427
1553,1552,1427
1553,1551,1552
1427,1552,1424
1553,1430,1425
1430,1553,1428
1556,1555,1554
1554,1557,1556
1554,1555,1558
1558,1555,1559
1557,1554,1560
1560,1554,1558
1558,1559,1561
1561,1559,1562
1560,1558,1563
1563,1558,1561
1561,1562,1564
1564,1562,1565
1563,1561,1566
1566,1561,1564
1564,1565,1567
1567,1565,1568
1566,1564,1569
1569,1564,1567
1567,1568,1570
1570,1568,1571
1569,1567,1572
1572,1567,1570
1570,1571,1573
1573,1571,1574
1575,1437,1438
1570,1576,1572
1576,1570,1573
1439,1575,1438
1573,1574,1577
1577,1574,1578
1437,1579,1441
1579,1575,1441
1580,1441,1575
1441,1580,1577
1576,1577,1580
1577,1576,1579
1579,1573,1577
1437,1573,1579
1579,1576,1575
1575,1439,1580
1439,1581,1580
1439,1443,1581
1577,1578,1582
1582,1578,1583
1582,1445,1441
1582,1441,1577
1443,1447,1584
1585,1443,1584
1581,1443,1585
1449,1584,1447
1582,1583,1586
1586,1583,1587
1586,1451,1445
1586,1445,1582
1585,1584,1588
1585,1588,1589
1453,1588,1449
1449,1588,1584
1586,1587,1590
1590,1587,1591
1590,1455,1451
1590,1451,1586
1589,1588,1592
1589,1592,1593
1456,1594,1453
1594,1588,1453
1594,1592,1588
1458,1594,1456
1590,1591,1595
1595,1591,1596
1595,1460,1455
1595,1455,1590
1597,1593,1592
1599,1598,1597
1592,1599,1597
1594,1599,1592
1462,1599,1458
1458,1599,1594
1595,1596,1600
1600,1596,1601
1600,1464,1460
1600,1460,1595
1598,1599,1602
1598,1602,1603
1466,1602,1462
1462,1602,1599
1600,1601,1604
1604,1601,1605
1604,1468,1464
1604,1464,1600
1608,1607,1606
1606,1607,1603
1602,1606,1603
1609,1606,1602
1469,1609,1466
1466,1609,1602
1604,1605,1610
1610,1605,1611
1610,1471,1468
1610,1468,1604
1608,1606,1612
1608,1612,1613
1474,1612,1473
1612,1609,1473
1612,1606,1609
1473,1609,1469
1616,1615,1614
1616,1614,1611
1614,1610,1611
1614,1617,1610
1471,1618,1476
1471,1619,1618
1619,1471,1620
1610,1620,1471
1620,1610,1621
1618,1621,1610
1610,1617,1618
1618,1617,1476
1619,1621,1618
1619,1620,1613
1619,1613,1612
1480,1619,1612
1479,1480,1612
1479,1612,1474
1614,1615,1622
1622,1615,1623
1483,1484,1624
1617,1626,1625
1626,1617,1622
1614,1622,1617
1617,1625,1621
1484,1476,1624
1619,1624,1476
1624,1619,1627
1487,1627,1480
1480,1627,1619
1623,1628,1622
1628,1626,1622
1490,1483,1629
1624,1629,1483
1491,1629,1492
1629,1627,1492
1629,1624,1627
1492,1627,1487
1632,1631,1630
1630,1633,1632
1629,1493,1490
1493,1629,1491
1636,1635,1634
1637,1630,1631
1634,1638,1636
1630,1637,1633
1641,1640,1639
1643,1642,1639
1639,1642,1641
1644,1634,1635
1643,1645,1642
1646,1496,1497
1644,1638,1634
1498,1646,1497
1649,1648,1647
1649,1647,1640
1647,1639,1640
1647,1650,1639
1650,1500,1501
1643,1650,1501
1639,1650,1643
1501,1502,1643
1502,1651,1643
1651,1645,1643
1502,1652,1651
1496,1646,1504
1652,1502,1505
1504,1646,1498
1647,1648,1508
1648,1507,1508
1648,1653,1507
1647,1508,1509
1647,1509,1650
1650,1654,1500
1654,1650,1655
1509,1655,1650
1655,1509,1656
1500,1656,1509
1656,1500,1654
1656,1654,1651
1652,1656,1651
1657,1656,1652
1512,1657,1505
1505,1657,1652
1653,1515,1507
1658,1515,1653
1655,1656,1659
1655,1659,1660
1518,1659,1517
1659,1657,1517
1659,1656,1657
1517,1657,1512
1658,1522,1515
1661,1522,1658
1664,1663,1662
1662,1663,1660
1659,1662,1660
1665,1662,1659
1524,1665,1518
1518,1665,1659
1661,1525,1522
1666,1525,1661
1664,1662,1667
1664,1667,1668
1669,1662,1665
1667,1662,1669
1527,1669,1524
1524,1669,1665
1666,1528,1525
1670,1528,1666
1668,1667,1671
1668,1671,1672
1531,1671,1530
1671,1669,1530
1671,1667,1669
1530,1669,1527
1674,1533,1673
1533,1670,1673
1533,1528,1670
1674,1673,1672
1671,1674,1672
1675,1674,1671
1535,1675,1531
1531,1675,1671
1676,1536,1674
1674,1536,1533
1677,1674,1675
1676,1674,1677
1538,1677,1535
1535,1677,1675
1678,1539,1676
1676,1539,1536
1542,1678,1541
1678,1677,1541
1678,1676,1677
1541,1677,1538
1679,1544,1678
1678,1544,1539
1546,1679,1542
1542,1679,1678
1679,1548,1544
1548,1679,1546
1682,1681,1680
1680,1683,1682
1680,1681,1684
1684,1681,1685
1683,1680,1686
1686,1680,1684
1684,1685,1687
1687,1685,1688
1686,1684,1689
1689,1684,1687
1687,1688,1690
1690,1688,1691
1689,1687,1692
1692,1687,1690
1690,1691,1556
1691,1555,1556
1691,1693,1555
1556,1557,1690
1557,1692,1690
1557,1694,1692
1693,1559,1555
1695,1559,1693
1560,1694,1557
1560,1696,1694
1699,1698,1697
1695,1699,1697
1562,1695,1697
1559,1695,1562
1563,1696,1560
1563,1700,1696
1697,1698,1701
1701,1698,1702
1701,1565,1562
1701,1562,1697
1566,1700,1563
1566,1703,1700
1701,1702,1704
1704,1702,1705
1704,1568,1565
1704,1565,1701
1569,1703,1566
1569,1706,1703
1704,1705,1707
1707,1705,1708
1707,1571,1568
1707,1568,1704
1572,1706,1569
1572,1709,1706
1707,1708,1710
1710,1708,1711
1710,1574,1571
1710,1571,1707
1576,1709,1572
1576,1712,1709
1710,1711,1713
1713,1711,1714
1713,1578,1574
1713,1574,1710
1576,1580,1715
1716,1576,1715
1712,1576,1716
1581,1715,1580
1713,1714,1717
1717,1714,1718
1717,1583,1578
1717,1578,1713
1716,1715,1719
1716,1719,1720
1585,1719,1581
1581,1719,1715
1717,1718,1721
1721,1718,1722
1721,1587,1583
1721,1583,1717
1720,1719,1723
1720,1723,1724
1589,1723,1585
1585,1723,1719
1721,1722,1725
1725,1722,1726
1725,1591,1587
1725,1587,1721
1724,1723,1727
1724,1727,1728
1593,1727,1589
1589,1727,1723
1725,1726,1729
1729,1726,1730
1729,1596,1591
1729,1591,1725
1728,1727,1731
1728,1731,1732
1597,1733,1593
1733,1727,1593
1733,1731,1727
1598,1733,1597
1729,1730,1734
1734,1730,1735
1734,1601,1596
1734,1596,1729
1732,1731,1736
1732,1736,1737
1738,1731,1733
1736,1731,1738
1603,1738,1598
1598,1738,1733
1741,1740,1739
1741,1739,1735
1739,1734,1735
1739,1742,1734
1742,1605,1601
1742,1601,1734
1737,1736,1743
1737,1743,1744
1608,1743,1607
1743,1738,1607
1743,1736,1738
1607,1738,1603
1739,1740,1745
1745,1740,1746
1739,1747,1742
1739,1745,1747
1605,1748,1611
1605,1749,1748
1749,1605,1750
1742,1750,1605
1750,1742,1751
1748,1751,1742
1742,1747,1748
1748,1747,1611
1749,1751,1748
1749,1750,1744
1743,1749,1744
1752,1749,1743
1613,1752,1608
1608,1752,1743
1745,1746,1753
1753,1746,1754
1615,1616,1755
1747,1757,1756
1757,1747,1753
1745,1753,1747
1747,1756,1751
1616,1611,1755
1749,1755,1611
1755,1749,1758
1621,1758,1620
1758,1752,1620
1758,1749,1752
1620,1752,1613
1753,1754,1759
1759,1754,1760
1761,1615,1755
1615,1761,1623
1757,1753,1762
1759,1762,1753
1626,1761,1625
1761,1758,1625
1761,1755,1758
1625,1758,1621
1765,1764,1763
1766,1759,1760
1763,1767,1765
1761,1628,1623
1766,1762,1759
1628,1761,1626
1770,1769,1768
1771,1763,1764
1768,1772,1770
1773,1631,1632
1771,1767,1763
1633,1773,1632
1776,1775,1774
1778,1777,1774
1774,1777,1776
1777,1778,1769
1778,1768,1769
1778,1779,1768
1780,1635,1636
1768,1781,1772
1781,1768,1779
1631,1773,1637
1780,1636,1638
1637,1773,1633
1774,1775,1782
1782,1775,1783
1782,1640,1641
1778,1782,1641
1774,1782,1778
1642,1784,1641
1784,1785,1641
1786,1641,1785
1641,1786,1778
1787,1778,1786
1778,1787,1784
1784,1779,1778
1642,1779,1784
1784,1787,1785
1787,1781,1779
1644,1635,1780
1642,1645,1785
1644,1780,1638
1782,1783,1649
1783,1648,1649
1783,1788,1648
1782,1789,1640
1789,1782,1790
1649,1790,1782
1790,1649,1791
1640,1791,1649
1791,1640,1789
1791,1789,1786
1785,1791,1786
1792,1791,1785
1651,1792,1645
1645,1792,1785
1794,1653,1793
1653,1788,1793
1653,1648,1788
1794,1793,1790
1791,1794,1790
1795,1794,1791
1655,1795,1654
1795,1792,1654
1795,1791,1792
1654,1792,1651
1796,1658,1794
1794,1658,1653
1797,1794,1795
1796,1794,1797
1660,1797,1655
1655,1797,1795
1798,1661,1796
1796,1661,1658
1664,1798,1663
1798,1797,1663
1798,1796,1797
1663,1797,1660
1799,1666,1798
1798,1666,1661
1668,1799,1664
1664,1799,1798
1800,1670,1799
1799,1670,1666
1672,1800,1668
1668,1800,1799
1800,1673,1670
1673,1800,1672
1801,1681,1682
1683,1801,1682
1804,1803,1802
1802,1805,1804
1801,1685,1681
1685,1801,1806
1686,1806,1683
1683,1806,1801
1802,1803,1807
1807,1803,1808
1809,1685,1806
1685,1809,1688
1805,1802,1810
1807,1810,1802
1689,1809,1686
1686,1809,1806
1807,1808,1811
1811,1808,1812
1813,1688,1809
1688,1813,1691
1810,1807,1814
1811,1814,1807
1692,1813,1689
1689,1813,1809
1811,1812,1815
1815,1812,1816
1817,1691,1813
1691,1817,1693
1814,1811,1818
1815,1818,1811
1694,1817,1692
1692,1817,1813
1815,1816,1819
1819,1816,1820
1821,1693,1817
1693,1821,1695
1818,1815,1822
1819,1822,1815
1696,1821,1694
1694,1821,1817
1819,1820,1699
1820,1698,1699
1820,1823,1698
1822,1825,1824
1825,1819,1824
1699,1824,1819
1824,1699,1826
1695,1826,1699
1826,1695,1825
1825,1821,1826
1822,1821,1825
1825,1695,1819
1700,1826,1696
1696,1826,1821
1829,1828,1827
1823,1829,1827
1702,1823,1827
1698,1823,1702
1824,1826,1830
1824,1830,1831
1703,1830,1700
1700,1830,1826
1827,1828,1832
1832,1828,1833
1832,1705,1702
1832,1702,1827
1831,1830,1834
1831,1834,1835
1706,1834,1703
1703,1834,1830
1832,1833,1836
1836,1833,1837
1836,1708,1705
1836,1705,1832
1835,1834,1838
1835,1838,1839
1709,1838,1706
1706,1838,1834
1836,1837,1840
1840,1837,1841
1840,1711,1708
1840,1708,1836
1839,1838,1842
1839,1842,1843
1712,1842,1709
1709,1842,1838
1840,1841,1844
1844,1841,1845
1844,1714,1711
1844,1711,1840
1843,1842,1846
1843,1846,1847
1716,1846,1712
1712,1846,1842
1844,1845,1848
1848,1845,1849
1848,1718,1714
1848,1714,1844
1847,1846,1850
1847,1850,1851
1720,1850,1716
1716,1850,1846
1848,1849,1852
1852,1849,1853
1852,1722,1718
1852,1718,1848
1851,1850,1854
1851,1854,1855
1724,1854,1720
1720,1854,1850
1858,1857,1856
1858,1856,1853
1856,1852,1853
1856,1859,1852
1859,1726,1722
1859,1722,1852
1855,1854,1860
1855,1860,1861
1728,1860,1724
1724,1860,1854
1856,1857,1862
1862,1857,1863
1856,1864,1859
1856,1862,1864
1726,1865,1730
1726,1866,1865
1866,1726,1867
1859,1867,1726
1867,1859,1868
1865,1868,1859
1859,1864,1865
1865,1864,1730
1866,1868,1865
1866,1867,1861
1860,1866,1861
1869,1866,1860
1732,1869,1728
1728,1869,1860
1862,1863,1870
1870,1863,1871
1862,1872,1864
1862,1870,1872
1873,1730,1866
1730,1873,1735
1868,1864,1874
1872,1874,1864
1875,1866,1869
1873,1866,1875
1737,1875,1732
1732,1875,1869
1870,1871,1876
1876,1871,1877
1876,1740,1741
1872,1876,1741
1870,1876,1872
1874,1879,1878
1879,1872,1878
1741,1878,1872
1878,1741,1880
1735,1880,1741
1880,1735,1879
1879,1873,1880
1874,1873,1879
1879,1735,1872
1881,1873,1875
1880,1873,1881
1744,1881,1737
1737,1881,1875
1884,1883,1882
1884,1882,1877
1882,1876,1877
1882,1885,1876
1740,1886,1746
1740,1887,1886
1887,1740,1888
1876,1888,1740
1888,1876,1889
1886,1889,1876
1876,1885,1886
1886,1885,1746
1887,1889,1886
1887,1888,1878
1880,1887,1878
1890,1887,1880
1751,1890,1750
1890,1881,1750
1890,1880,1881
1750,1881,1744
1893,1892,1891
1893,1891,1883
1891,1882,1883
1891,1894,1882
1882,1895,1885
1882,1894,1895
1896,1746,1887
1746,1896,1754
1889,1885,1897
1895,1897,1885
1757,1896,1756
1896,1890,1756
1896,1887,1890
1756,1890,1751
1900,1899,1898
1900,1898,1892
1898,1891,1892
1898,1901,1891
1891,1902,1894
1891,1901,1902
1904,1895,1903
1895,1902,1903
1895,1894,1902
1904,1897,1895
1760,1754,1905
1896,1905,1754
1762,1905,1757
1757,1905,1896
1898,1899,1906
1906,1899,1907
1898,1908,1901
1898,1906,1908
1901,1909,1902
1901,1908,1909
1910,1764,1765
1902,1911,1903
1911,1902,1909
1760,1905,1766
1910,1765,1767
1766,1905,1762
1906,1907,1912
1912,1907,1913
1906,1914,1908
1906,1912,1914
1769,1770,1915
1909,1917,1916
1917,1909,1914
1908,1914,1909
1916,1911,1909
1771,1764,1910
1770,1772,1915
1771,1910,1767
1912,1913,1776
1913,1775,1776
1913,1918,1775
1777,1919,1776
1919,1920,1776
1921,1776,1920
1776,1921,1912
1922,1912,1921
1912,1922,1919
1919,1914,1912
1777,1914,1919
1919,1922,1920
1914,1922,1917
1777,1769,1920
1915,1920,1769
1920,1915,1923
1781,1923,1772
1772,1923,1915
1925,1783,1924
1783,1918,1924
1783,1775,1918
1925,1924,1921
1920,1925,1921
1926,1925,1920
1786,1926,1787
1926,1923,1787
1926,1920,1923
1787,1923,1781
1927,1788,1925
1925,1788,1783
1790,1927,1789
1927,1926,1789
1927,1925,1926
1789,1926,1786
1927,1793,1788
1793,1927,1790
1930,1929,1928
1928,1931,1930
1934,1933,1932
1934,1932,1929
1929,1932,1928
1932,1803,1928
1803,1804,1928
1804,1805,1928
1805,1931,1928
1805,1935,1931
1932,1933,1936
1936,1933,1937
1936,1808,1803
1936,1803,1932
1810,1935,1805
1810,1938,1935
1936,1937,1939
1939,1937,1940
1939,1812,1808
1939,1808,1936
1814,1938,1810
1814,1941,1938
1939,1940,1942
1942,1940,1943
1942,1816,1812
1942,1812,1939
1818,1941,1814
1818,1944,1941
1942,1943,1945
1945,1943,1946
1945,1820,1816
1945,1816,1942
1822,1944,1818
1822,1947,1944
1950,1949,1948
1950,1948,1946
1948,1945,1946
1948,1951,1945
1951,1823,1820
1951,1820,1945
1824,1947,1822
1824,1952,1947
1948,1949,1953
1953,1949,1954
1953,1828,1829
1951,1953,1829
1948,1953,1951
1951,1955,1823
1955,1951,1956
1829,1956,1951
1956,1829,1957
1823,1957,1829
1957,1823,1955
1955,1952,1957
1952,1831,1957
1952,1824,1831
1953,1954,1958
1958,1954,1959
1958,1833,1828
1958,1828,1953
1956,1957,1960
1956,1960,1961
1835,1960,1831
1831,1960,1957
1958,1959,1962
1962,1959,1963
1962,1837,1833
1962,1833,1958
1961,1960,1964
1961,1964,1965
1839,1964,1835
1835,1964,1960
1962,1963,1966
1966,1963,1967
1966,1841,1837
1966,1837,1962
1965,1964,1968
1965,1968,1969
1843,1968,1839
1839,1968,1964
1972,1971,1970
1972,1970,1967
1970,1966,1967
1970,1973,1966
1973,1845,1841
1973,1841,1966
1969,1968,1974
1969,1974,1975
1847,1974,1843
1843,1974,1968
1970,1971,1976
1976,1971,1977
1970,1978,1973
1970,1976,1978
1978,1849,1845
1978,1845,1973
1975,1974,1979
1975,1979,1980
1851,1979,1847
1847,1979,1974
1976,1977,1981
1981,1977,1982
1976,1983,1978
1976,1981,1983
1849,1984,1853
1849,1985,1984
1985,1849,1986
1978,1986,1849
1986,1978,1987
1984,1987,1978
1978,1983,1984
1984,1983,1853
1985,1987,1984
1985,1986,1980
1979,1985,1980
1988,1985,1979
1855,1988,1851
1851,1988,1979
1991,1990,1989
1993,1992,1989
1989,1992,1991
1992,1993,1982
1993,1981,1982
1993,1994,1981
1994,1857,1858
1983,1994,1858
1981,1994,1983
1987,1996,1995
1996,1983,1995
1858,1995,1983
1995,1858,1997
1853,1997,1858
1997,1853,1996
1996,1985,1997
1987,1985,1996
1996,1853,1983
1998,1985,1988
1997,1985,1998
1861,1998,1855
1855,1998,1988
1989,1990,1999
1999,1990,2000
1989,2001,1993
1989,1999,2001
1993,2002,1994
1993,2001,2002
2002,1863,1857
2002,1857,1994
1995,1997,2003
1995,2003,2004
1868,2003,1867
2003,1998,1867
2003,1997,1998
1867,1998,1861
1999,2000,2005
2005,2000,2006
1999,2007,2001
1999,2005,2007
2001,2008,2002
2001,2007,2008
2008,1871,1863
2008,1863,2002
2004,2003,2009
2004,2009,2010
1874,2009,1868
1868,2009,2003
2005,2006,2011
2011,2006,2012
2005,2013,2007
2005,2011,2013
2007,2014,2008
2007,2013,2014
1871,2015,1877
1871,2016,2015
2016,1871,2017
2008,2017,1871
2017,2008,2018
2015,2018,2008
2008,2014,2015
2015,2014,1877
2016,2018,2015
2016,2017,2010
2009,2016,2010
2019,2016,2009
1878,2019,1874
1874,2019,2009
2011,2012,2020
2020,2012,2021
2011,2022,2013
2011,2020,2022
2022,1883,1884
2014,2022,1884
2013,2022,2014
2018,2024,2023
2024,2014,2023
1884,2023,2014
2023,1884,2025
1877,2025,1884
2025,1877,2024
2024,2016,2025
2018,2016,2024
2024,1877,2014
1889,2025,1888
2025,2019,1888
2025,2016,2019
1888,2019,1878
2020,2021,2026
2026,2021,2027
2026,1892,1893
2022,2026,1893
2020,2026,2022
2022,1893,1883
2023,2025,2028
2023,2028,2029
1897,2028,1889
1889,2028,2025
2026,2027,1900
2027,1899,1900
2027,2030,1899
2026,1900,1892
2033,2032,2031
2031,2032,2029
2031,2029,2028
1903,2031,2028
1904,1903,2028
1904,2028,1897
2030,1907,1899
2034,1907,2030
2033,2031,2035
2033,2035,2036
1911,2035,1903
1903,2035,2031
2034,1913,1907
2037,1913,2034
2040,2039,2038
2038,2039,2036
2038,2036,2035
1917,2038,2035
1916,1917,2035
1916,2035,1911
2042,1918,2041
1918,2037,2041
1918,1913,2037
2042,2041,2040
2042,2040,2038
1921,2042,2038
1922,1921,2038
1922,2038,1917
2042,1924,1918
1924,2042,1921
2045,2044,2043
2043,2046,2045
2043,2044,2047
2047,2044,2048
2046,2043,2049
2049,2043,2047
2047,2048,2050
2050,2048,2051
2049,2047,2052
2052,2047,2050
2055,2054,2053
2055,2053,2051
2053,2050,2051
2053,2056,2050
2057,1929,1930
2050,2058,2052
2058,2050,2056
1931,2057,1930
2053,2054,2059
2059,2054,2060
2059,1933,1934
2056,2059,1934
2053,2059,2056
2058,2062,2061
2062,2056,2061
1934,2061,2056
2061,1934,2063
1929,2063,1934
2063,1929,2062
2062,2057,2063
2058,2057,2062
2062,1929,2056
1935,2063,1931
1931,2063,2057
2059,2060,2064
2064,2060,2065
2064,1937,1933
2064,1933,2059
2061,2063,2066
2061,2066,2067
1938,2066,1935
1935,2066,2063
2064,2065,2068
2068,2065,2069
2068,1940,1937
2068,1937,2064
2067,2066,2070
2067,2070,2071
1941,2070,1938
1938,2070,2066
2068,2069,2072
2072,2069,2073
2072,1943,1940
2072,1940,2068
2071,2070,2074
2071,2074,2075
1944,2074,1941
1941,2074,2070
2078,2077,2076
2078,2076,2073
2076,2072,2073
2076,2079,2072
2079,1946,1943
2079,1943,2072
2075,2074,2080
2075,2080,2081
1947,2080,1944
1944,2080,2074
2076,2077,2082
2082,2077,2083
2082,1949,1950
2079,2082,1950
2076,2082,2079
2079,1950,1946
2081,2080,2084
2081,2084,2085
1952,2084,1947
1947,2084,2080
2082,2083,2086
2086,2083,2087
2086,1954,1949
2086,1949,2082
2085,2084,1955
1956,2085,1955
2088,2085,1956
1955,2084,1952
2091,2090,2089
2091,2089,2087
2089,2086,2087
2089,2092,2086
2092,1959,1954
2092,1954,2086
2095,2094,2093
2094,2088,2093
2088,1961,2093
2088,1956,1961
2098,2097,2096
2098,2096,2090
2096,2089,2090
2096,2099,2089
2089,2100,2092
2089,2099,2100
2100,1963,1959
2100,1959,2092
2095,2093,2101
2095,2101,2102
1965,2101,1961
1961,2101,2093
2096,2097,2103
2103,2097,2104
2096,2105,2099
2096,2103,2105
2099,2106,2100
2099,2105,2106
2106,1967,1963
2106,1963,2100
2102,2101,2107
2102,2107,2108
1969,2107,1965
1965,2107,2101
2103,2104,2109
2109,2104,2110
2103,2111,2105
2103,2109,2111
2111,1971,1972
2106,2111,1972
2105,2111,2106
2106,1972,1967
2108,2107,2112
2108,2112,2113
1975,2112,1969
1969,2112,2107
2109,2110,2114
2114,2110,2115
2109,2116,2111
2109,2114,2116
2116,1977,1971
2116,1971,2111
2113,2112,2117
2113,2117,2118
1980,2117,1975
1975,2117,2112
2114,2115,2119
2119,2115,2120
2114,2121,2116
2114,2119,2121
2121,1982,1977
2121,1977,2116
2124,2123,2122
2122,2123,2118
2122,2118,2117
1987,2122,2117
1986,1987,2117
1986,2117,1980
2119,2120,1991
2120,1990,1991
2120,2125,1990
2119,1991,1992
2119,1992,2121
2121,1992,1982
2124,2122,2126
2124,2126,2127
1995,2126,1987
1987,2126,2122
2125,2000,1990
2128,2000,2125
2127,2126,2129
2127,2129,2130
2004,2129,1995
1995,2129,2126
2128,2006,2000
2131,2006,2128
2130,2129,2132
2130,2132,2133
2010,2132,2004
2004,2132,2129
2131,2012,2006
2134,2012,2131
2133,2132,2017
2018,2133,2017
2135,2133,2018
2017,2132,2010
2134,2021,2012
2136,2021,2134
2139,2138,2137
2138,2135,2137
2135,2023,2137
2135,2018,2023
2136,2027,2021
2140,2027,2136
2139,2137,2141
2139,2141,2142
2029,2141,2023
2023,2141,2137
2140,2030,2027
2143,2030,2140
2146,2145,2144
2144,2145,2142
2144,2142,2141
2033,2144,2141
2032,2033,2141
2032,2141,2029
2143,2034,2030
2147,2034,2143
2146,2144,2148
2146,2148,2149
2036,2148,2033
2033,2148,2144
2151,2037,2150
2037,2147,2150
2037,2034,2147
2151,2150,2149
2151,2149,2148
2040,2151,2148
2039,2040,2148
2039,2148,2036
2151,2041,2037
2041,2151,2040
2154,2153,2152
2152,2155,2154
2152,2153,2156
2156,2153,2157
2155,2152,2158
2158,2152,2156
2156,2157,2159
2159,2157,2160
2158,2156,2161
2161,2156,2159
2164,2163,2162
2164,2162,2160
2160,2162,2159
2162,2044,2159
2044,2045,2159
2045,2046,2159
2046,2161,2159
2046,2165,2161
2162,2163,2166
2166,2163,2167
2166,2048,2044
2166,2044,2162
2049,2165,2046
2049,2168,2165
2166,2167,2169
2169,2167,2170
2169,2051,2048
2169,2048,2166
2052,2168,2049
2052,2171,2168
2174,2173,2172
2174,2172,2170
2170,2172,2169
2172,2054,2169
2054,2055,2169
2169,2175,2051
2175,2169,2176
2055,2176,2169
2176,2055,2177
2051,2177,2055
2177,2051,2175
2175,2171,2177
2171,2058,2177
2171,2052,2058
2172,2173,2178
2178,2173,2179
2178,2060,2054
2178,2054,2172
2176,2177,2180
2176,2180,2181
2061,2180,2058
2058,2180,2177
2178,2179,2182
2182,2179,2183
2182,2065,2060
2182,2060,2178
2181,2180,2184
2181,2184,2185
2067,2184,2061
2061,2184,2180
2188,2187,2186
2188,2186,2183
2186,2182,2183
2186,2189,2182
2189,2069,2065
2189,2065,2182
2185,2184,2190
2185,2190,2191
2071,2190,2067
2067,2190,2184
2194,2193,2192
2194,2192,2187
2192,2186,2187
2192,2195,2186
2186,2196,2189
2186,2195,2196
2196,2073,2069
2196,2069,2189
2191,2190,2197
2191,2197,2198
2075,2197,2071
2071,2197,2190
2192,2193,2199
2199,2193,2200
2192,2201,2195
2192,2199,2201
2201,2077,2078
2196,2201,2078
2195,2201,2196
2196,2078,2073
2198,2197,2202
2198,2202,2203
2081,2202,2075
2075,2202,2197
2199,2200,2204
2204,2200,2205
2199,2206,2201
2199,2204,2206
2206,2083,2077
2206,2077,2201
2203,2202,2207
2203,2207,2208
2085,2207,2081
2081,2207,2202
2204,2205,2209
2209,2205,2210
2204,2211,2206
2204,2209,2211
2211,2087,2083
2211,2083,2206
2208,2207,2212
2208,2212,2213
2088,2212,2085
2085,2212,2207
2209,2210,2214
2214,2210,2215
2214,2090,2091
2211,2214,2091
2209,2214,2211
2211,2091,2087
2213,2212,2094
2095,2213,2094
2216,2213,2095
2094,2212,2088
2214,2215,2098
2215,2097,2098
2215,2217,2097
2214,2098,2090
2102,2216,2095
2102,2218,2216
2217,2104,2097
2219,2104,2217
2222,2221,2220
2221,2218,2220
2218,2108,2220
2218,2102,2108
2219,2110,2104
2223,2110,2219
2222,2220,2224
2222,2224,2225
2113,2224,2108
2108,2224,2220
2223,2115,2110
2226,2115,2223
2225,2224,2227
2225,2227,2228
2118,2227,2113
2113,2227,2224
2226,2120,2115
2229,2120,2226
2228,2227,2123
2124,2228,2123
2230,2228,2124
2123,2227,2118
2229,2125,2120
2231,2125,2229
2127,2230,2124
2127,2232,2230
2231,2128,2125
2233,2128,2231
2236,2235,2234
2235,2232,2234
2232,2130,2234
2232,2127,2130
2233,2131,2128
2237,2131,2233
2236,2234,2238
2236,2238,2239
2133,2238,2130
2130,2238,2234
2237,2134,2131
2240,2134,2237
2239,2238,2241
2239,2241,2242
2135,2241,2133
2133,2241,2238
2240,2136,2134
2243,2136,2240
2242,2241,2138
2139,2242,2138
2244,2242,2139
2138,2241,2135
2243,2140,2136
2245,2140,2243
2248,2247,2246
2247,2244,2246
2244,2142,2246
2244,2139,2142
2250,2143,2249
2143,2245,2249
2143,2140,2245
2250,2249,2248
2250,2248,2246
2146,2250,2246
2145,2146,2246
2145,2246,2142
2251,2147,2250
2250,2147,2143
2149,2251,2146
2146,2251,2250
2251,2150,2147
2150,2251,2149
2254,2253,2252
2252,2255,2254
2252,2253,2256
2256,2253,2257
2255,2252,2258
2258,2252,2256
2256,2257,2259
2259,2257,2260
2258,2256,2261
2261,2256,2259
2264,2263,2262
2264,2262,2260
2260,2262,2259
2262,2153,2259
2153,2154,2259
2154,2155,2259
2155,2261,2259
2155,2265,2261
2262,2263,2266
2266,2263,2267
2153,2268,2157
2153,2269,2268
2269,2153,2270
2262,2270,2153
2270,2262,2271
2268,2271,2262
2262,2266,2268
2268,2266,2157
2269,2271,2268
2270,2265,2269
2265,2158,2269
2265,2155,2158
2266,2267,2272
2272,2267,2273
2274,2157,2269
2157,2274,2160
2271,2266,2275
2272,2275,2266
2161,2274,2158
2158,2274,2269
2278,2277,2276
2278,2276,2273
2273,2276,2272
2276,2163,2272
2163,2164,2272
2275,2280,2279
2280,2272,2279
2164,2279,2272
2279,2164,2281
2160,2281,2164
2281,2160,2280
2280,2274,2281
2275,2274,2280
2280,2160,2272
2165,2281,2161
2161,2281,2274
2276,2277,2282
2282,2277,2283
2282,2167,2163
2282,2163,2276
2279,2281,2284
2279,2284,2285
2168,2284,2165
2165,2284,2281
2288,2287,2286
2288,2286,2283
2286,2282,2283
2286,2289,2282
2289,2170,2167
2289,2167,2282
2285,2284,2290
2285,2290,2291
2171,2290,2168
2168,2290,2284
2286,2287,2292
2292,2287,2293
2292,2173,2174
2289,2292,2174
2286,2292,2289
2289,2174,2170
2291,2290,2175
2176,2291,2175
2294,2291,2176
2175,2290,2171
2297,2296,2295
2297,2295,2293
2295,2292,2293
2295,2298,2292
2298,2179,2173
2298,2173,2292
2181,2294,2176
2181,2299,2294
2295,2296,2300
2300,2296,2301
2295,2302,2298
2295,2300,2302
2302,2183,2179
2302,2179,2298
2185,2299,2181
2185,2303,2299
2300,2301,2304
2304,2301,2305
2304,2187,2188
2302,2304,2188
2300,2304,2302
2302,2188,2183
2191,2303,2185
2191,2306,2303
2304,2305,2194
2305,2193,2194
2305,2307,2193
2304,2194,2187
2198,2306,2191
2198,2308,2306
2307,2200,2193
2309,2200,2307
2203,2308,2198
2203,2310,2308
2309,2205,2200
2311,2205,2309
2208,2310,2203
2208,2312,2310
2311,2210,2205
2313,2210,2311
2316,2315,2314
2315,2312,2314
2312,2213,2314
2312,2208,2213
2313,2215,2210
2317,2215,2313
2316,2314,2318
2316,2318,2319
2216,2318,2213
2213,2318,2314
2317,2217,2215
2320,2217,2317
2319,2318,2321
2319,2321,2322
2218,2321,2216
2216,2321,2318
2320,2219,2217
2323,2219,2320
2322,2321,2221
2222,2322,2221
2324,2322,2222
2221,2321,2218
2323,2223,2219
2325,2223,2323
2225,2324,2222
2225,2326,2324
2325,2226,2223
2327,2226,2325
2228,2326,2225
2228,2328,2326
2327,2229,2226
2329,2229,2327
2332,2331,2330
2331,2328,2330
2328,2230,2330
2328,2228,2230
2329,2231,2229
2333,2231,2329
2332,2330,2334
2332,2334,2335
2232,2334,2230
2230,2334,2330
2333,2233,2231
2336,2233,2333
2335,2334,2235
2236,2335,2235
2337,2335,2236
2235,2334,2232
2336,2237,2233
2338,2237,2336
2239,2337,2236
2239,2339,2337
2338,2240,2237
2340,2240,2338
2343,2342,2341
2342,2339,2341
2339,2242,2341
2339,2239,2242
2340,2243,2240
2344,2243,2340
2343,2341,2345
2343,2345,2346
2244,2345,2242
2242,2345,2341
2348,2245,2347
2245,2344,2347
2245,2243,2344
2348,2347,2346
2348,2346,2345
2248,2348,2345
2247,2248,2345
2247,2345,2244
2348,2249,2245
2249,2348,2248
2351,2350,2349
2253,2254,2352
2351,2349,2353
2255,2352,2254
2349,2350,2354
2354,2350,2355
2356,2253,2352
2253,2356,2257
2353,2349,2357
2354,2357,2349
2258,2356,2255
2255,2356,2352
2354,2355,2358
2358,2355,2359
2360,2257,2356
2257,2360,2260
2357,2354,2361
2358,2361,2354
2261,2360,2258
2258,2360,2356
2364,2363,2362
2364,2362,2359
2359,2362,2358
2362,2263,2358
2263,2264,2358
2361,2366,2365
2366,2358,2365
2264,2365,2358
2365,2264,2367
2260,2367,2264
2367,2260,2366
2366,2360,2367
2361,2360,2366
2366,2260,2358
2265,2367,2261
2261,2367,2360
2362,2363,2368
2368,2363,2369
2368,2267,2263
2368,2263,2362
2365,2367,2270
2271,2365,2270
2370,2365,2271
2270,2367,2265
2373,2372,2371
2373,2371,2369
2371,2368,2369
2371,2374,2368
2374,2273,2267
2374,2267,2368
2275,2370,2271
2275,2375,2370
2371,2372,2376
2376,2372,2377
2376,2277,2278
2374,2376,2278
2371,2376,2374
2374,2278,2273
2279,2375,2275
2279,2378,2375
2381,2380,2379
2381,2379,2377
2379,2376,2377
2379,2382,2376
2382,2283,2277
2382,2277,2376
2285,2378,2279
2285,2383,2378
2379,2380,2384
2384,2380,2385
2384,2287,2288
2382,2384,2288
2379,2384,2382
2382,2288,2283
2291,2383,2285
2291,2386,2383
2384,2385,2387
2387,2385,2388
2387,2293,2287
2387,2287,2384
2294,2386,2291
2294,2389,2386
2387,2388,2297
2388,2296,2297
2388,2390,2296
2387,2297,2293
2299,2389,2294
2299,2391,2389
2390,2301,2296
2392,2301,2390
2395,2394,2393
2394,2391,2393
2391,2303,2393
2391,2299,2303
2392,2305,2301
2396,2305,2392
2395,2393,2397
2395,2397,2398
2306,2397,2303
2303,2397,2393
2396,2307,2305
2399,2307,2396
2398,2397,2400
2398,2400,2401
2308,2400,2306
2306,2400,2397
2399,2309,2307
2402,2309,2399
2401,2400,2403
2401,2403,2404
2310,2403,2308
2308,2403,2400
2402,2311,2309
2405,2311,2402
2404,2403,2406
2404,2406,2407
2312,2406,2310
2310,2406,2403
2405,2313,2311
2408,2313,2405
2407,2406,2315
2316,2407,2315
2409,2407,2316
2315,2406,2312
2408,2317,2313
2410,2317,2408
2319,2409,2316
2319,2411,2409
2410,2320,2317
2412,2320,2410
2322,2411,2319
2322,2413,2411
2412,2323,2320
2414,2323,2412
2417,2416,2415
2416,2413,2415
2413,2324,2415
2413,2322,2324
2414,2325,2323
2418,2325,2414
2417,2415,2419
2417,2419,2420
2326,2419,2324
2324,2419,2415
2418,2327,2325
2421,2327,2418
2420,2419,2422
2420,2422,2423
2328,2422,2326
2326,2422,2419
2421,2329,2327
2424,2329,2421
2423,2422,2331
2332,2423,2331
2425,2423,2332
2331,2422,2328
2424,2333,2329
2426,2333,2424
2335,2425,2332
2335,2427,2425
2426,2336,2333
2428,2336,2426
2431,2430,2429
2430,2427,2429
2427,2337,2429
2427,2335,2337
2428,2338,2336
2432,2338,2428
2431,2429,2433
2431,2433,2434
2339,2433,2337
2337,2433,2429
2436,2340,2435
2340,2432,2435
2340,2338,2432
2436,2435,2434
2436,2434,2433
2343,2436,2433
2342,2343,2433
2342,2433,2339
2437,2344,2436
2436,2344,2340
2346,2437,2343
2343,2437,2436
2437,2347,2344
2347,2437,2346
2440,2439,2438
2438,2441,2440
2438,2439,2442
2442,2439,2443
2441,2438,2444
2444,2438,2442
2442,2443,2445
2445,2443,2446
2444,2442,2447
2447,2442,2445
2450,2449,2448
2450,2448,2446
2446,2448,2445
2448,2350,2445
2350,2351,2445
2351,2353,2445
2353,2447,2445
2353,2451,2447
2448,2449,2452
2452,2449,2453
2452,2355,2350
2452,2350,2448
2357,2451,2353
2357,2454,2451
2452,2453,2455
2455,2453,2456
2455,2359,2355
2455,2355,2452
2361,2454,2357
2361,2457,2454
2460,2459,2458
2460,2458,2456
2456,2458,2455
2458,2363,2455
2363,2364,2455
2455,2364,2359
2365,2457,2361
2365,2461,2457
2464,2463,2462
2464,2462,2459
2462,2458,2459
2462,2465,2458
2465,2369,2363
2465,2363,2458
2370,2461,2365
2370,2466,2461
2462,2463,2467
2467,2463,2468
2467,2372,2373
2465,2467,2373
2462,2467,2465
2465,2373,2369
2375,2466,2370
2375,2469,2466
2467,2468,2470
2470,2468,2471
2470,2377,2372
2470,2372,2467
2378,2469,2375
2378,2472,2469
2470,2471,2381
2471,2380,2381
2471,2473,2380
2470,2381,2377
2383,2472,2378
2383,2474,2472
2473,2385,2380
2475,2385,2473
2478,2477,2476
2477,2474,2476
2474,2386,2476
2474,2383,2386
2475,2388,2385
2479,2388,2475
2478,2476,2480
2478,2480,2481
2389,2480,2386
2386,2480,2476
2479,2390,2388
2482,2390,2479
2481,2480,2483
2481,2483,2484
2391,2483,2389
2389,2483,2480
2482,2392,2390
2485,2392,2482
2484,2483,2394
2395,2484,2394
2486,2484,2395
2394,2483,2391
2485,2396,2392
2487,2396,2485
2398,2486,2395
2398,2488,2486
2487,2399,2396
2489,2399,2487
2401,2488,2398
2401,2490,2488
2489,2402,2399
2491,2402,2489
2404,2490,2401
2404,2492,2490
2491,2405,2402
2493,2405,2491
2407,2492,2404
2407,2494,2492
2493,2408,2405
2495,2408,2493
2409,2494,2407
2409,2496,2494
2495,2410,2408
2497,2410,2495
2500,2499,2498
2499,2496,2498
2496,2411,2498
2496,2409,2411
2497,2412,2410
2501,2412,2497
2500,2498,2502
2500,2502,2503
2413,2502,2411
2411,2502,2498
2501,2414,2412
2504,2414,2501
2503,2502,2416
2417,2503,2416
2505,2503,2417
2416,2502,2413
2504,2418,2414
2506,2418,2504
2420,2505,2417
2420,2507,2505
2506,2421,2418
2508,2421,2506
2423,2507,2420
2423,2509,2507
2508,2424,2421
2510,2424,2508
2513,2512,2511
2512,2509,2511
2509,2425,2511
2509,2423,2425
2510,2426,2424
2514,2426,2510
2513,2511,2515
2513,2515,2516
2427,2515,2425
2425,2515,2511
2518,2428,2517
2428,2514,2517
2428,2426,2514
2518,2517,2516
2518,2516,2515
2431,2518,2515
2430,2431,2515
2430,2515,2427
2519,2432,2518
2518,2432,2428
2434,2519,2431
2431,2519,2518
2519,2435,2432
2435,2519,2434
2522,2521,2520
2520,2523,2522
2520,2521,2524
2524,2521,2525
2523,2520,2526
2526,2520,2524
2524,2525,2527
2527,2525,2528
2526,2524,2529
2529,2524,2527
2527,2528,2530
2530,2528,2531
2529,2527,2532
2532,2527,2530
2535,2534,2533
2535,2533,2531
2531,2533,2530
2533,2439,2530
2439,2440,2530
2440,2441,2530
2441,2532,2530
2441,2536,2532
2533,2534,2537
2537,2534,2538
2537,2443,2439
2537,2439,2533
2444,2536,2441
2444,2539,2536
2537,2538,2540
2540,2538,2541
2540,2446,2443
2540,2443,2537
2447,2539,2444
2447,2542,2539
2545,2544,2543
2545,2543,2541
2541,2543,2540
2543,2449,2540
2449,2450,2540
2540,2450,2446
2451,2542,2447
2451,2546,2542
2543,2544,2547
2547,2544,2548
2547,2453,2449
2547,2449,2543
2454,2546,2451
2454,2549,2546
2552,2551,2550
2552,2550,2548
2550,2547,2548
2550,2553,2547
2553,2456,2453
2553,2453,2547
2457,2549,2454
2457,2554,2549
2550,2551,2555
2555,2551,2556
2555,2459,2460
2553,2555,2460
2550,2555,2553
2553,2460,2456
2461,2554,2457
2461,2557,2554
2555,2556,2464
2556,2463,2464
2556,2558,2463
2555,2464,2459
2561,2560,2559
2560,2557,2559
2557,2466,2559
2557,2461,2466
2558,2468,2463
2562,2468,2558
2561,2559,2563
2561,2563,2564
2469,2563,2466
2466,2563,2559
2562,2471,2468
2565,2471,2562
2564,2563,2566
2564,2566,2567
2472,2566,2469
2469,2566,2563
2565,2473,2471
2568,2473,2565
2567,2566,2569
2567,2569,2570
2474,2569,2472
2472,2569,2566
2568,2475,2473
2571,2475,2568
2570,2569,2477
2478,2570,2477
2572,2570,2478
2477,2569,2474
2571,2479,2475
2573,2479,2571
2481,2572,2478
2481,2574,2572
2573,2482,2479
2575,2482,2573
2484,2574,2481
2484,2576,2574
2575,2485,2482
2577,2485,2575
2486,2576,2484
2486,2578,2576
2577,2487,2485
2579,2487,2577
2488,2578,2486
2488,2580,2578
2579,2489,2487
2581,2489,2579
2490,2580,2488
2490,2582,2580
2581,2491,2489
2583,2491,2581
2586,2585,2584
2585,2582,2584
2582,2492,2584
2582,2490,2492
2583,2493,2491
2587,2493,2583
2586,2584,2588
2586,2588,2589
2494,2588,2492
2492,2588,2584
2587,2495,2493
2590,2495,2587
2589,2588,2591
2589,2591,2592
2496,2591,2494
2494,2591,2588
2590,2497,2495
2593,2497,2590
2592,2591,2499
2500,2592,2499
2594,2592,2500
2499,2591,2496
2593,2501,2497
2595,2501,2593
2503,2594,2500
2503,2596,2594
2595,2504,2501
2597,2504,2595
2505,2596,2503
2505,2598,2596
2597,2506,2504
2599,2506,2597
2602,2601,2600
2601,2598,2600
2598,2507,2600
2598,2505,2507
2599,2508,2506
2603,2508,2599
2602,2600,2604
2602,2604,2605
2509,2604,2507
2507,2604,2600
2603,2510,2508
2606,2510,2603
2605,2604,2512
2513,2605,2512
2607,2605,2513
2512,2604,2509
2609,2514,2608
2514,2606,2608
2514,2510,2606
2608,2607,2609
2607,2516,2609
2607,2513,2516
2609,2517,2514
2517,2609,2516
2612,2611,2610
2610,2613,2612
2610,2611,2614
2614,2611,2615
2616,2521,2522
2610,2617,2613
2617,2610,2614
2523,2616,2522
2614,2615,2618
2618,2615,2619
2620,2521,2616
2521,2620,2525
2617,2614,2621
2618,2621,2614
2526,2620,2523
2523,2620,2616
2618,2619,2622
2622,2619,2623
2624,2525,2620
2525,2624,2528
2621,2618,2625
2622,2625,2618
2529,2624,2526
2526,2624,2620
2622,2623,2626
2626,2623,2627
2628,2528,2624
2528,2628,2531
2625,2622,2629
2626,2629,2622
2532,2628,2529
2529,2628,2624
2632,2631,2630
2632,2630,2627
2627,2630,2626
2630,2534,2626
2534,2535,2626
2629,2634,2633
2634,2626,2633
2535,2633,2626
2633,2535,2635
2531,2635,2535
2635,2531,2634
2634,2628,2635
2629,2628,2634
2634,2531,2626
2536,2635,2532
2532,2635,2628
2630,2631,2636
2636,2631,2637
2636,2538,2534
2636,2534,2630
2633,2635,2638
2633,2638,2639
2539,2638,2536
2536,2638,2635
2642,2641,2640
2642,2640,2637
2640,2636,2637
2640,2643,2636
2643,2541,2538
2643,2538,2636
2639,2638,2644
2639,2644,2645
2542,2644,2539
2539,2644,2638
2640,2641,2646
2646,2641,2647
2646,2544,2545
2643,2646,2545
2640,2646,2643
2643,2545,2541
2645,2644,2648
2645,2648,2649
2546,2648,2542
2542,2648,2644
2646,2647,2650
2650,2647,2651
2650,2548,2544
2650,2544,2646
2649,2648,2652
2649,2652,2653
2549,2652,2546
2546,2652,2648
2650,2651,2552
2651,2551,2552
2651,2654,2551
2650,2552,2548
2653,2652,2655
2653,2655,2656
2554,2655,2549
2549,2655,2652
2654,2556,2551
2657,2556,2654
2656,2655,2658
2656,2658,2659
2557,2658,2554
2554,2658,2655
2657,2558,2556
2660,2558,2657
2659,2658,2560
2561,2659,2560
2661,2659,2561
2560,2658,2557
2660,2562,2558
2662,2562,2660
2564,2661,2561
2564,2663,2661
2662,2565,2562
2664,2565,2662
2567,2663,2564
2567,2665,2663
2664,2568,2565
2666,2568,2664
2570,2665,2567
2570,2667,2665
2666,2571,2568
2668,2571,2666
2572,2667,2570
2572,2669,2667
2668,2573,2571
2670,2573,2668
2574,2669,2572
2574,2671,2669
2670,2575,2573
2672,2575,2670
2576,2671,2574
2576,2673,2671
2672,2577,2575
2674,2577,2672
2677,2676,2675
2676,2673,2675
2673,2578,2675
2673,2576,2578
2674,2579,2577
2678,2579,2674
2677,2675,2679
2677,2679,2680
2580,2679,2578
2578,2679,2675
2678,2581,2579
2681,2581,2678
2680,2679,2682
2680,2682,2683
2582,2682,2580
2580,2682,2679
2681,2583,2581
2684,2583,2681
2683,2682,2585
2586,2683,2585
2685,2683,2586
2585,2682,2582
2684,2587,2583
2686,2587,2684
2589,2685,2586
2589,2687,2685
2686,2590,2587
2688,2590,2686
2592,2687,2589
2592,2689,2687
2688,2593,2590
2690,2593,2688
2594,2689,2592
2594,2691,2689
2690,2595,2593
2692,2595,2690
2695,2694,2693
2694,2691,2693
2691,2596,2693
2691,2594,2596
2692,2597,2595
2696,2597,2692
2695,2693,2697
2695,2697,2698
2598,2697,2596
2596,2697,2693
2696,2599,2597
2699,2599,2696
2698,2697,2601
2602,2698,2601
2700,2698,2602
2601,2697,2598
2702,2603,2701
2603,2699,2701
2603,2599,2699
2701,2700,2702
2700,2605,2702
2700,2602,2605
2703,2606,2702
2702,2606,2603
2607,2703,2605
2605,2703,2702
2703,2608,2606
2608,2703,2607
2706,2705,2704
2704,2707,2706
2704,2705,2708
2708,2705,2709
2707,2704,2710
2710,2704,2708
2708,2709,2711
2711,2709,2712
2710,2708,2713
2713,2708,2711
2711,2712,2714
2714,2712,2715
2713,2711,2716
2716,2711,2714
2714,2715,2717
2717,2715,2718
2716,2714,2719
2719,2714,2717
2722,2721,2720
2722,2720,2718
2720,2717,2718
2720,2723,2717
2719,2717,2724
2724,2717,2723
2720,2721,2725
2725,2721,2726
2725,2611,2612
2723,2725,2612
2720,2725,2723
2612,2613,2723
2613,2724,2723
2613,2727,2724
2725,2726,2728
2728,2726,2729
2728,2615,2611
2728,2611,2725
2617,2727,2613
2617,2730,2727
2728,2729,2731
2731,2729,2732
2731,2619,2615
2731,2615,2728
2621,2730,2617
2621,2733,2730
2731,2732,2734
2734,2732,2735
2734,2623,2619
2734,2619,2731
2625,2733,2621
2625,2736,2733
2739,2738,2737
2739,2737,2735
2737,2734,2735
2737,2740,2734
2740,2627,2623
2740,2623,2734
2629,2736,2625
2629,2741,2736
2737,2738,2742
2742,2738,2743
2742,2631,2632
2740,2742,2632
2737,2742,2740
2740,2632,2627
2633,2741,2629
2633,2744,2741
2742,2743,2745
2745,2743,2746
2745,2637,2631
2745,2631,2742
2639,2744,2633
2639,2747,2744
2745,2746,2642
2746,2641,2642
2746,2748,2641
2745,2642,2637
2645,2747,2639
2645,2749,2747
2748,2647,2641
2750,2647,2748
2649,2749,2645
2649,2751,2749
2750,2651,2647
2752,2651,2750
2653,2751,2649
2653,2753,2751
2752,2654,2651
2754,2654,2752
2656,2753,2653
2656,2755,2753
2754,2657,2654
2756,2657,2754
2659,2755,2656
2659,2757,2755
2756,2660,2657
2758,2660,2756
2661,2757,2659
2661,2759,2757
2758,2662,2660
2760,2662,2758
2663,2759,2661
2663,2761,2759
2760,2664,2662
2762,2664,2760
2665,2761,2663
2665,2763,2761
2762,2666,2664
2764,2666,2762
2667,2763,2665
2667,2765,2763
2764,2668,2666
2766,2668,2764
2669,2765,2667
2669,2767,2765
2766,2670,2668
2768,2670,2766
2771,2770,2769
2770,2767,2769
2767,2671,2769
2767,2669,2671
2768,2672,2670
2772,2672,2768
2771,2769,2773
2771,2773,2774
2673,2773,2671
2671,2773,2769
2772,2674,2672
2775,2674,2772
2774,2773,2676
2677,2774,2676
2776,2774,2677
2676,2773,2673
2775,2678,2674
2777,2678,2775
2680,2776,2677
2680,2778,2776
2777,2681,2678
2779,2681,2777
2683,2778,2680
2683,2780,2778
2779,2684,2681
2781,2684,2779
2685,2780,2683
2685,2782,2780
2781,2686,2684
2783,2686,2781
2687,2782,2685
2687,2784,2782
2783,2688,2686
2785,2688,2783
2788,2787,2786
2787,2784,2786
2784,2689,2786
2784,2687,2689
2785,2690,2688
2789,2690,2785
2788,2786,2790
2788,2790,2791
2691,2790,2689
2689,2790,2786
2793,2692,2792
2692,2789,2792
2692,2690,2789
2793,2792,2791
2793,2791,2790
2695,2793,2790
2694,2695,2790
2694,2790,2691
2794,2696,2793
2793,2696,2692
2698,2794,2695
2695,2794,2793
2795,2699,2794
2794,2699,2696
2700,2795,2698
2698,2795,2794
2795,2701,2699
2701,2795,2700
2798,2797,2796
2796,2799,2798
2796,2797,2800
2800,2797,2801
2799,2796,2802
2802,2796,2800
2800,2801,2803
2803,2801,2804
2802,2800,2805
2805,2800,2803
2808,2807,2806
2808,2806,2804
2806,2803,2804
2806,2809,2803
2805,2803,2810
2810,2803,2809
2806,2807,2811
2811,2807,2812
2814,2809,2813
2809,2811,2813
2809,2806,2811
2809,2814,2810
2811,2812,2815
2815,2812,2816
2817,2705,2706
2811,2818,2813
2818,2811,2815
2707,2817,2706
2815,2816,2819
2819,2816,2820
2821,2705,2817
2705,2821,2709
2818,2815,2822
2819,2822,2815
2710,2821,2707
2707,2821,2817
2825,2824,2823
2825,2823,2820
2823,2819,2820
2823,2826,2819
2827,2709,2821
2709,2827,2712
2822,2819,2828
2826,2828,2819
2713,2827,2710
2710,2827,2821
2823,2824,2829
2829,2824,2830
2823,2831,2826
2823,2829,2831
2832,2712,2827
2712,2832,2715
2828,2826,2833
2831,2833,2826
2716,2832,2713
2713,2832,2827
2829,2830,2834
2834,2830,2835
2829,2836,2831
2829,2834,2836
2837,2715,2832
2715,2837,2718
2833,2831,2838
2836,2838,2831
2719,2837,2716
2716,2837,2832
2834,2835,2839
2839,2835,2840
2839,2721,2722
2836,2839,2722
2834,2839,2836
2838,2842,2841
2842,2836,2841
2722,2841,2836
2841,2722,2843
2718,2843,2722
2843,2718,2842
2842,2837,2843
2838,2837,2842
2842,2718,2836
2724,2843,2719
2719,2843,2837
2839,2840,2844
2844,2840,2845
2844,2726,2721
2844,2721,2839
2841,2843,2846
2841,2846,2847
2727,2846,2724
2724,2846,2843
2844,2845,2848
2848,2845,2849
2848,2729,2726
2848,2726,2844
2847,2846,2850
2847,2850,2851
2730,2850,2727
2727,2850,2846
2848,2849,2852
2852,2849,2853
2852,2732,2729
2852,2729,2848
2851,2850,2854
2851,2854,2855
2733,2854,2730
2730,2854,2850
2852,2853,2856
2856,2853,2857
2856,2735,2732
2856,2732,2852
2858,2855,2854
2854,2733,2858
2733,2859,2858
2733,2736,2859
2856,2857,2739
2857,2738,2739
2857,2860,2738
2856,2739,2735
2741,2859,2736
2741,2861,2859
2860,2743,2738
2862,2743,2860
2744,2861,2741
2744,2863,2861
2862,2746,2743
2864,2746,2862
2747,2863,2744
2747,2865,2863
2864,2748,2746
2866,2748,2864
2749,2865,2747
2749,2867,2865
2866,2750,2748
2868,2750,2866
2871,2870,2869
2870,2867,2869
2867,2751,2869
2867,2749,2751
2868,2752,2750
2872,2752,2868
2871,2869,2873
2871,2873,2874
2753,2873,2751
2751,2873,2869
2872,2754,2752
2875,2754,2872
2874,2873,2876
2874,2876,2877
2755,2876,2753
2753,2876,2873
2875,2756,2754
2878,2756,2875
2877,2876,2879
2877,2879,2880
2757,2879,2755
2755,2879,2876
2878,2758,2756
2881,2758,2878
2880,2879,2882
2880,2882,2883
2759,2882,2757
2757,2882,2879
2881,2760,2758
2884,2760,2881
2883,2882,2885
2883,2885,2886
2761,2885,2759
2759,2885,2882
2884,2762,2760
2887,2762,2884
2886,2885,2888
2886,2888,2889
2763,2888,2761
2761,2888,2885
2887,2764,2762
2890,2764,2887
2889,2888,2891
2889,2891,2892
2765,2891,2763
2763,2891,2888
2890,2766,2764
2893,2766,2890
2892,2891,2894
2892,2894,2895
2767,2894,2765
2765,2894,2891
2893,2768,2766
2896,2768,2893
2895,2894,2770
2771,2895,2770
2897,2895,2771
2770,2894,2767
2896,2772,2768
2898,2772,2896
2774,2897,2771
2774,2899,2897
2898,2775,2772
2900,2775,2898
2776,2899,2774
2776,2901,2899
2900,2777,2775
2902,2777,2900
2905,2904,2903
2904,2901,2903
2901,2778,2903
2901,2776,2778
2902,2779,2777
2906,2779,2902
2905,2903,2907
2905,2907,2908
2780,2907,2778
2778,2907,2903
2906,2781,2779
2909,2781,2906
2908,2907,2910
2908,2910,2911
2782,2910,2780
2780,2910,2907
2909,2783,2781
2912,2783,2909
2911,2910,2913
2911,2913,2914
2784,2913,2782
2782,2913,2910
2916,2785,2915
2785,2912,2915
2785,2783,2912
2916,2915,2914
2916,2914,2913
2788,2916,2913
2787,2788,2913
2787,2913,2784
2917,2789,2916
2916,2789,2785
2791,2917,2788
2788,2917,2916
2917,2792,2789
2792,2917,2791
2920,2919,2918
2918,2921,2920
2918,2919,2922
2922,2919,2923
2921,2918,2924
2918,2925,2924
2918,2922,2925
2925,2926,2924
2922,2923,2927
2927,2923,2928
2922,2929,2925
2922,2927,2929
2926,2925,2930
2930,2925,2929
2927,2928,2931
2931,2928,2932
2931,2797,2798
2929,2931,2798
2927,2931,2929
2798,2799,2929
2799,2930,2929
2799,2933,2930
2936,2935,2934
2936,2934,2932
2934,2931,2932
2934,2937,2931
2797,2938,2801
2797,2939,2938
2939,2797,2940
2931,2940,2797
2940,2931,2941
2938,2941,2931
2931,2937,2938
2938,2937,2801
2939,2941,2938
2940,2933,2939
2933,2802,2939
2933,2799,2802
2934,2935,2942
2942,2935,2943
2934,2944,2937
2934,2942,2944
2945,2801,2939
2801,2945,2804
2941,2937,2946
2944,2946,2937
2805,2945,2802
2802,2945,2939
2942,2943,2947
2947,2943,2948
2947,2807,2808
2944,2947,2808
2942,2947,2944
2946,2950,2949
2950,2944,2949
2808,2949,2944
2949,2808,2951
2804,2951,2808
2951,2804,2950
2950,2945,2951
2946,2945,2950
2950,2804,2944
2810,2951,2805
2805,2951,2945
2947,2948,2952
2952,2948,2953
2952,2812,2807
2952,2807,2947
2949,2951,2814
2813,2949,2814
2954,2949,2813
2814,2951,2810
2952,2953,2955
2955,2953,2956
2955,2816,2812
2955,2812,2952
2818,2954,2813
2818,2957,2954
2955,2956,2958
2958,2956,2959
2958,2820,2816
2958,2816,2955
2822,2957,2818
2822,2960,2957
2958,2959,2825
2959,2824,2825
2959,2961,2824
2958,2825,2820
2828,2960,2822
2828,2962,2960
2961,2830,2824
2963,2830,2961
2833,2962,2828
2833,2964,2962
2963,2835,2830
2965,2835,2963
2838,2964,2833
2838,2966,2964
2965,2840,2835
2967,2840,2965
2841,2966,2838
2841,2968,2966
2967,2845,2840
2969,2845,2967
2847,2968,2841
2847,2970,2968
2969,2849,2845
2971,2849,2969
2851,2970,2847
2851,2972,2970
2971,2853,2849
2973,2853,2971
2855,2972,2851
2855,2974,2972
2973,2857,2853
2975,2857,2973
2855,2858,2976
2977,2855,2976
2974,2855,2977
2859,2976,2858
2975,2860,2857
2978,2860,2975
2977,2976,2979
2977,2979,2980
2861,2979,2859
2859,2979,2976
2978,2862,2860
2981,2862,2978
2980,2979,2982
2980,2982,2983
2863,2982,2861
2861,2982,2979
2981,2864,2862
2984,2864,2981
2983,2982,2985
2983,2985,2986
2865,2985,2863
2863,2985,2982
2984,2866,2864
2987,2866,2984
2986,2985,2988
2986,2988,2989
2867,2988,2865
2865,2988,2985
2987,2868,2866
2990,2868,2987
2989,2988,2870
2871,2989,2870
2991,2989,2871
2870,2988,2867
2990,2872,2868
2992,2872,2990
2874,2991,2871
2874,2993,2991
2992,2875,2872
2994,2875,2992
2877,2993,2874
2877,2995,2993
2994,2878,2875
2996,2878,2994
2880,2995,2877
2880,2997,2995
2996,2881,2878
2998,2881,2996
2883,2997,2880
2883,2999,2997
2998,2884,2881
3000,2884,2998
2886,2999,2883
2886,3001,2999
3000,2887,2884
3002,2887,3000
2889,3001,2886
2889,3003,3001
3002,2890,2887
3004,2890,3002
2892,3003,2889
2892,3005,3003
3004,2893,2890
3006,2893,3004
3009,3008,3007
3008,3005,3007
3005,2895,3007
3005,2892,2895
3006,2896,2893
3010,2896,3006
3009,3007,3011
3009,3011,3012
2897,3011,2895
2895,3011,3007
3010,2898,2896
3013,2898,3010
3012,3011,3014
3012,3014,3015
2899,3014,2897
2897,3014,3011
3013,2900,2898
3016,2900,3013
3015,3014,3017
3015,3017,3018
2901,3017,2899
2899,3017,3014
3020,2902,3019
2902,3016,3019
2902,2900,3016
3020,3019,3018
3020,3018,3017
2905,3020,3017
2904,2905,3017
2904,3017,2901
3021,2906,3020
3020,2906,2902
2908,3021,2905
2905,3021,3020
3022,2909,3021
3021,2909,2906
2911,3022,2908
2908,3022,3021
3023,2912,3022
3022,2912,2909
2914,3023,2911
2911,3023,3022
3023,2915,2912
2915,3023,2914
3026,3025,3024
3024,3027,3026
3030,3029,3028
3030,3028,3025
3028,3024,3025
3028,3031,3024
3027,3024,3032
3032,3024,3031
3028,3029,3033
3033,3029,3034
3028,3035,3031
3028,3033,3035
3032,3031,3036
3031,3037,3036
3031,3035,3037
3037,3038,3036
3033,3034,3039
3039,3034,3040
3039,2919,2920
3035,3039,2920
3033,3039,3035
3037,3035,3041
3035,2921,3041
2921,3042,3041
2921,3035,2920
3037,3041,3038
3039,3040,3043
3043,3040,3044
3043,2923,2919
3043,2919,3039
2921,2924,3045
3046,2921,3045
3042,2921,3046
2926,3045,2924
3043,3044,3047
3047,3044,3048
3047,2928,2923
3047,2923,3043
3046,3045,3049
3046,3049,3050
2930,3049,2926
2926,3049,3045
3047,3048,3051
3051,3048,3052
3051,2932,2928
3051,2928,3047
3050,3049,3053
3050,3053,3054
2933,3053,2930
2930,3053,3049
3051,3052,2936
3052,2935,2936
3052,3055,2935
3051,2936,2932
3054,3053,2940
2941,3054,2940
3056,3054,2941
2940,3053,2933
3055,2943,2935
3057,2943,3055
2946,3056,2941
2946,3058,3056
3057,2948,2943
3059,2948,3057
2949,3058,2946
2949,3060,3058
3059,2953,2948
3061,2953,3059
2954,3060,2949
2954,3062,3060
3061,2956,2953
3063,2956,3061
3066,3065,3064
3065,3062,3064
3062,2957,3064
3062,2954,2957
3063,2959,2956
3067,2959,3063
3066,3064,3068
3066,3068,3069
2960,3068,2957
2957,3068,3064
3067,2961,2959
3070,2961,3067
3069,3068,3071
3069,3071,3072
2962,3071,2960
2960,3071,3068
3070,2963,2961
3073,2963,3070
3072,3071,3074
3072,3074,3075
2964,3074,2962
2962,3074,3071
3073,2965,2963
3076,2965,3073
3075,3074,3077
3075,3077,3078
2966,3077,2964
2964,3077,3074
3076,2967,2965
3079,2967,3076
3078,3077,3080
3078,3080,3081
2968,3080,2966
2966,3080,3077
3079,2969,2967
3082,2969,3079
3081,3080,3083
3081,3083,3084
2970,3083,2968
2968,3083,3080
3082,2971,2969
3085,2971,3082
3084,3083,3086
3084,3086,3087
2972,3086,2970
2970,3086,3083
3085,2973,2971
3088,2973,3085
3087,3086,3089
3087,3089,3090
2974,3089,2972
2972,3089,3086
3088,2975,2973
3091,2975,3088
3090,3089,3092
3090,3092,3093
2977,3092,2974
2974,3092,3089
3091,2978,2975
3094,2978,3091
3093,3092,3095
3093,3095,3096
2980,3095,2977
2977,3095,3092
3094,2981,2978
3097,2981,3094
3096,3095,3098
3096,3098,3099
2983,3098,2980
2980,3098,3095
3097,2984,2981
3100,2984,3097
3099,3098,3101
3099,3101,3102
2986,3101,2983
2983,3101,3098
3100,2987,2984
3103,2987,3100
3102,3101,3104
3102,3104,3105
2989,3104,2986
2986,3104,3101
3103,2990,2987
3106,2990,3103
3105,3104,3107
3105,3107,3108
2991,3107,2989
2989,3107,3104
3106,2992,2990
3109,2992,3106
3108,3107,3110
3108,3110,3111
2993,3110,2991
2991,3110,3107
3109,2994,2992
3112,2994,3109
3111,3110,3113
3111,3113,3114
2995,3113,2993
2993,3113,3110
3112,2996,2994
3115,2996,3112
3114,3113,3116
3114,3116,3117
2997,3116,2995
2995,3116,3113
3115,2998,2996
3118,2998,3115
3117,3116,3119
3117,3119,3120
2999,3119,2997
2997,3119,3116
3118,3000,2998
3121,3000,3118
3120,3119,3122
3120,3122,3123
3001,3122,2999
2999,3122,3119
3121,3002,3000
3124,3002,3121
3123,3122,3125
3123,3125,3126
3003,3125,3001
3001,3125,3122
3124,3004,3002
3127,3004,3124
3126,3125,3128
3126,3128,3129
3005,3128,3003
3003,3128,3125
3127,3006,3004
3130,3006,3127
3129,3128,3008
3009,3129,3008
3131,3129,3009
3008,3128,3005
3133,3010,3132
3010,3130,3132
3010,3006,3130
3132,3131,3133
3131,3012,3133
3131,3009,3012
3134,3013,3133
3133,3013,3010
3015,3134,3012
3012,3134,3133
3135,3016,3134
3134,3016,3013
3018,3135,3015
3015,3135,3134
3135,3019,3016
3019,3135,3018
3138,3137,3136
3136,3139,3138
3136,3137,3140
3140,3137,3141
3139,3136,3142
3142,3136,3140
3140,3141,3143
3143,3141,3144
3142,3140,3145
3140,3146,3145
3140,3143,3146
3146,3147,3145
3143,3144,3148
3148,3144,3149
3143,3150,3146
3143,3148,3150
3147,3146,3151
3151,3146,3150
3148,3149,3152
3152,3149,3153
3152,3025,3026
3150,3152,3026
3148,3152,3150
3026,3027,3150
3027,3151,3150
3027,3154,3151
3152,3153,3030
3153,3029,3030
3153,3155,3029
3152,3030,3025
3032,3154,3027
3032,3156,3154
3155,3034,3029
3157,3034,3155
3032,3036,3158
3159,3032,3158
3156,3032,3159
3038,3158,3036
3157,3040,3034
3160,3040,3157
3159,3158,3041
3042,3159,3041
3161,3159,3042
3041,3158,3038
3160,3044,3040
3162,3044,3160
3046,3161,3042
3046,3163,3161
3162,3048,3044
3164,3048,3162
3050,3163,3046
3050,3165,3163
3164,3052,3048
3166,3052,3164
3054,3165,3050
3054,3167,3165
3166,3055,3052
3168,3055,3166
3171,3170,3169
3170,3167,3169
3167,3056,3169
3167,3054,3056
3168,3057,3055
3172,3057,3168
3171,3169,3173
3171,3173,3174
3058,3173,3056
3056,3173,3169
3172,3059,3057
3175,3059,3172
3174,3173,3176
3174,3176,3177
3060,3176,3058
3058,3176,3173
3175,3061,3059
3178,3061,3175
3177,3176,3179
3177,3179,3180
3062,3179,3060
3060,3179,3176
3178,3063,3061
3181,3063,3178
3180,3179,3065
3066,3180,3065
3182,3180,3066
3065,3179,3062
3181,3067,3063
3183,3067,3181
3069,3182,3066
3069,3184,3182
3183,3070,3067
3185,3070,3183
3072,3184,3069
3072,3186,3184
3185,3073,3070
3187,3073,3185
3075,3186,3072
3075,3188,3186
3187,3076,3073
3189,3076,3187
3078,3188,3075
3078,3190,3188
3189,3079,3076
3191,3079,3189
3081,3190,3078
3081,3192,3190
3191,3082,3079
3193,3082,3191
3084,3192,3081
3084,3194,3192
3193,3085,3082
3195,3085,3193
3087,3194,3084
3087,3196,3194
3195,3088,3085
3197,3088,3195
3090,3196,3087
3090,3198,3196
3197,3091,3088
3199,3091,3197
3093,3198,3090
3093,3200,3198
3199,3094,3091
3201,3094,3199
3096,3200,3093
3096,3202,3200
3201,3097,3094
3203,3097,3201
3099,3202,3096
3099,3204,3202
3203,3100,3097
3205,3100,3203
3102,3204,3099
3102,3206,3204
3205,3103,3100
3207,3103,3205
3105,3206,3102
3105,3208,3206
3207,3106,3103
3209,3106,3207
3108,3208,3105
3108,3210,3208
3209,3109,3106
3211,3109,3209
3111,3210,3108
3111,3212,3210
3211,3112,3109
3213,3112,3211
3114,3212,3111
3114,3214,3212
3216,3115,3215
3115,3213,3215
3115,3112,3213
3215,3214,3216
3214,3117,3216
3214,3114,3117
3217,3118,3216
3216,3118,3115
3120,3217,3117
3117,3217,3216
3218,3121,3217
3217,3121,3118
3123,3218,3120
3120,3218,3217
3219,3124,3218
3218,3124,3121
3126,3219,3123
3123,3219,3218
3220,3127,3219
3219,3127,3124
3129,3220,3126
3126,3220,3219
3221,3130,3220
3220,3130,3127
3131,3221,3129
3129,3221,3220
3221,3132,3130
3132,3221,3131
3224,3223,3222
3222,3225,3224
3222,3223,3226
3226,3223,3227
3225,3222,3228
3228,3222,3226
3226,3227,3138
3227,3137,3138
3227,3229,3137
3231,3230,3139
3139,3230,3138
3230,3228,3138
3228,3226,3138
3231,3232,3230
3229,3141,3137
3233,3141,3229
3142,3234,3231
3142,3231,3139
3232,3231,3235
3235,3231,3234
3233,3144,3141
3236,3144,3233
3145,3234,3142
3145,3147,3234
3147,3235,3234
3147,3237,3235
3236,3149,3144
3238,3149,3236
3151,3237,3147
3151,3239,3237
3238,3153,3149
3240,3153,3238
3154,3239,3151
3154,3241,3239
3240,3155,3153
3242,3155,3240
3156,3241,3154
3156,3243,3241
3242,3157,3155
3244,3157,3242
3247,3246,3245
3246,3243,3245
3243,3159,3245
3243,3156,3159
3244,3160,3157
3248,3160,3244
3247,3245,3249
3247,3249,3250
3161,3249,3159
3159,3249,3245
3248,3162,3160
3251,3162,3248
3250,3249,3252
3250,3252,3253
3163,3252,3161
3161,3252,3249
3251,3164,3162
3254,3164,3251
3253,3252,3255
3253,3255,3256
3165,3255,3163
3163,3255,3252
3254,3166,3164
3257,3166,3254
3256,3255,3258
3256,3258,3259
3167,3258,3165
3165,3258,3255
3257,3168,3166
3260,3168,3257
3259,3258,3170
3171,3259,3170
3261,3259,3171
3170,3258,3167
3260,3172,3168
3262,3172,3260
3174,3261,3171
3174,3263,3261
3262,3175,3172
3264,3175,3262
3177,3263,3174
3177,3265,3263
3264,3178,3175
3266,3178,3264
3180,3265,3177
3180,3267,3265
3266,3181,3178
3268,3181,3266
3182,3267,3180
3182,3269,3267
3268,3183,3181
3270,3183,3268
3184,3269,3182
3184,3271,3269
3273,3185,3272
3185,3270,3272
3185,3183,3270
3272,3271,3273
3271,3186,3273
3271,3184,3186
3274,3187,3273
3273,3187,3185
3188,3274,3186
3186,3274,3273
3275,3189,3274
3274,3189,3187
3190,3275,3188
3188,3275,3274
3276,3191,3275
3275,3191,3189
3192,3276,3190
3190,3276,3275
3277,3193,3276
3276,3193,3191
3194,3277,3192
3192,3277,3276
3278,3195,3277
3277,3195,3193
3196,3278,3194
3194,3278,3277
3279,3197,3278
3278,3197,3195
3198,3279,3196
3196,3279,3278
3280,3199,3279
3279,3199,3197
3200,3280,3198
3198,3280,3279
3281,3201,3280
3280,3201,3199
3202,3281,3200
3200,3281,3280
3282,3203,3281
3281,3203,3201
3204,3282,3202
3202,3282,3281
3283,3205,3282
3282,3205,3203
3206,3283,3204
3204,3283,3282
3284,3207,3283
3283,3207,3205
3208,3284,3206
3206,3284,3283
3285,3209,3284
3284,3209,3207
3210,3285,3208
3208,3285,3284
3286,3211,3285
3285,3211,3209
3212,3286,3210
3210,3286,3285
3287,3213,3286
3286,3213,3211
3214,3287,3212
3212,3287,3286
3287,3215,3213
3215,3287,3214
3290,3289,3288
3288,3291,3290
3288,3289,3292
3292,3289,3293
3291,3288,3294
3294,3288,3292
3292,3293,3224
3293,3223,3224
3293,3295,3223
3224,3225,3292
3225,3294,3292
3225,3296,3294
3295,3227,3223
3297,3227,3295
3228,3296,3225
3228,3298,3296
3297,3229,3227
3299,3229,3297
3228,3230,3300
3301,3228,3300
3298,3228,3301
3232,3300,3230
3299,3233,3229
3302,3233,3299
3301,3300,3303
3301,3303,3304
3235,3303,3232
3232,3303,3300
3302,3236,3233
3305,3236,3302
3304,3303,3306
3304,3306,3307
3237,3306,3235
3235,3306,3303
3305,3238,3236
3308,3238,3305
3307,3306,3309
3307,3309,3310
3239,3309,3237
3237,3309,3306
3308,3240,3238
3311,3240,3308
3310,3309,3312
3310,3312,3313
3241,3312,3239
3239,3312,3309
3311,3242,3240
3314,3242,3311
3313,3312,3315
3313,3315,3316
3243,3315,3241
3241,3315,3312
3314,3244,3242
3317,3244,3314
3316,3315,3246
3247,3316,3246
3318,3316,3247
3246,3315,3243
3317,3248,3244
3319,3248,3317
3250,3318,3247
3250,3320,3318
3319,3251,3248
3321,3251,3319
3253,3320,3250
3253,3322,3320
3321,3254,3251
3323,3254,3321
3256,3322,3253
3256,3324,3322
3323,3257,3254
3325,3257,3323
3259,3324,3256
3259,3326,3324
3328,3260,3327
3260,3325,3327
3260,3257,3325
3327,3326,3328
3326,3261,3328
3326,3259,3261
3329,3262,3328
3328,3262,3260
3263,3329,3261
3261,3329,3328
3330,3264,3329
3329,3264,3262
3265,3330,3263
3263,3330,3329
3331,3266,3330
3330,3266,3264
3267,3331,3265
3265,3331,3330
3332,3268,3331
3331,3268,3266
3269,3332,3267
3267,3332,3331
3333,3270,3332
3332,3270,3268
3271,3333,3269
3269,3333,3332
3333,3272,3270
3272,3333,3271
3336,3335,3334
3334,3337,3336
3334,3335,3338
3338,3335,3339
3337,3334,3340
3340,3334,3338
3338,3339,3290
3339,3289,3290
3339,3341,3289
3290,3291,3338
3291,3340,3338
3291,3342,3340
3341,3293,3289
3343,3293,3341
3294,3342,3291
3294,3344,3342
3343,3295,3293
3345,3295,3343
3296,3344,3294
3296,3346,3344
3345,3297,3295
3347,3297,3345
3298,3346,3296
3298,3348,3346
3347,3299,3297
3349,3299,3347
3301,3348,3298
3301,3350,3348
3349,3302,3299
3351,3302,3349
3304,3350,3301
3304,3352,3350
3351,3305,3302
3353,3305,3351
3307,3352,3304
3307,3354,3352
3353,3308,3305
3355,3308,3353
3310,3354,3307
3310,3356,3354
3358,3311,3357
3311,3355,3357
3311,3308,3355
3357,3356,3358
3356,3313,3358
3356,3310,3313
3359,3314,3358
3358,3314,3311
3316,3359,3313
3313,3359,3358
3360,3317,3359
3359,3317,3314
3318,3360,3316
3316,3360,3359
3361,3319,3360
3360,3319,3317
3320,3361,3318
3318,3361,3360
3362,3321,3361
3361,3321,3319
3322,3362,3320
3320,3362,3361
3363,3323,3362
3362,3323,3321
3324,3363,3322
3322,3363,3362
3364,3325,3363
3363,3325,3323
3326,3364,3324
3324,3364,3363
3364,3327,3325
3327,3364,3326
3367,3366,3365
3365,3368,3367
3365,3366,3369
3369,3366,3370
3368,3365,3371
3371,3365,3369
3372,3335,3336
3370,3373,3369
3373,3371,3369
3337,3372,3336
3374,3339,3372
3372,3339,3335
3340,3374,3337
3337,3374,3372
3375,3341,3374
3374,3341,3339
3342,3375,3340
3340,3375,3374
3376,3343,3375
3375,3343,3341
3344,3376,3342
3342,3376,3375
3377,3345,3376
3376,3345,3343
3346,3377,3344
3344,3377,3376
3378,3347,3377
3377,3347,3345
3348,3378,3346
3346,3378,3377
3379,3349,3378
3378,3349,3347
3350,3379,3348
3348,3379,3378
3380,3351,3379
3379,3351,3349
3352,3380,3350
3350,3380,3379
3381,3353,3380
3380,3353,3351
3354,3381,3352
3352,3381,3380
3382,3355,3381
3381,3355,3353
3356,3382,3354
3354,3382,3381
3382,3357,3355
3357,3382,3356
3383,3366,3367
3368,3383,3367
3384,3370,3383
3383,3370,3366
3371,3384,3368
3368,3384,3383
3384,3373,3370
3373,3384,3371
