X,Y,Z
,,
,,
,,
,,
,,
,,
,,
,,
,,
,,
280679.0301326491,6598375.918762436,-70.42253521125531
,,
,,
,,
,,
,,
,,
,,
,,
,,
,,
,,
,,
,,
,,
,,
,,
281312.5352019343,6598319.288520362,-70.42253521125531
,,
,,
,,
,,
,,
,,
,,
,,
,,
,,
,,
,,
,,
,,
,,
,,
,,
,,
,,
,,
,,
,,
,,
,,
,,
,,
,,
,,
,,
281946.0402712195,6598262.793364911,-70.42253521125531
281946.0402712195,6598267.357362952,-704.2253521126622
,,
,,
,,
,,
,,
,,
,,
,,
,,
,,
,,
,,
,,
,,
,,
,,
,,
,,
,,
,,
,,
,,
,,
,,
,,
,,
,,
,,
,,
,,
,,
,,
,,
,,
282579.54534050473,6598206.423647038,-70.42253521125531
282579.54534050473,6598211.1227317015,-704.2253521126622
,,
,,
,,
,,
,,
,,
,,
,,
,,
,,
,,
,,
,,
,,
,,
,,
,,
,,
,,
,,
,,
,,
,,
,,
,,
,,
,,
,,
,,
,,
,,
,,
,,
,,
,,
,,
,,
,,
,,
,,
,,
,,
,,
,,
,,
,,
,,
,,
,,
,,
,,
283213.05040978995,6598150.179366743,-70.42253521125531
283213.05040978995,6598155.023187074,-704.2253521126622
283213.05040978995,6598163.803817554,-1338.0281690140691
,,
,,
,,
,,
,,
,,
,,
,,
,,
,,
,,
,,
,,
,,
,,
,,
,,
,,
,,
,,
,,
,,
,,
,,
,,
,,
,,
,,
,,
,,
,,
,,
,,
,,
,,
,,
,,
,,
,,
,,
,,
,,
,,
,,
,,
,,
,,
,,
,,
,,
,,
,,
283846.5554790752,6598094.060524027,-70.42253521125531
283846.5554790752,6598099.049080025,-704.2253521126622
283846.5554790752,6598108.032340439,-1338.0281690140691
,,
,,
,,
,,
,,
,,
,,
,,
,,
,,
,,
,,
,,
,,
,,
,,
,,
,,
,,
,,
,,
,,
,,
,,
,,
,,
,,
,,
,,
,,
,,
,,
,,
,,
,,
,,
,,
,,
,,
,,
,,
,,
,,
,,
,,
,,
,,
,,
,,
,,
,,
,,
,,
,,
,,
284480.06054836034,6598038.067118889,-70.42253521125531
284480.06054836034,6598043.190761509,-704.2253521126622
284480.06054836034,6598052.386300903,-1338.0281690140691
284480.06054836034,6598061.523946028,-1971.830985915476
,,
,,
,,
,,
,,
,,
,,
,,
,,
,,
,,
,,
,,
,,
,,
,,
,,
,,
,,
,,
,,
,,
,,
,,
,,
,,
,,
,,
,,
,,
,,
,,
,,
,,
,,
,,
,,
,,
,,
,,
,,
,,
,,
,,
,,
,,
,,
,,
,,
,,
,,
,,
285113.56561764557,6597982.565815019,-70.42253521125531
284844.14036601107,6598005.945449803,-70.42253521125531
284903.3188028117,6598005.945449803,-704.2253521126622
285113.56561764557,6597987.737702862,-704.2253521126622
285009.8003563199,6598005.945449803,-1338.0281690140691
285113.56561764557,6597996.981487478,-1338.0281690140691
285113.56561764557,6598005.945449803,-1954.3940584424345
,,
285113.56561764557,6598006.205974004,-1971.830985915476
,,
,,
,,
,,
,,
,,
,,
,,
,,
,,
,,
,,
,,
,,
,,
,,
,,
,,
,,
,,
,,
,,
,,
,,
,,
,,
,,
,,
,,
,,
,,
,,
,,
,,
,,
,,
,,
,,
,,
,,
,,
,,
,,
,,
,,
,,
,,
,,
,,
,,
,,
,,
,,
,,
,,
285747.0706869308,6597934.793395781,-70.42253521125531
285747.0706869308,6597939.608268978,-704.2253521126622
285747.0706869308,6597948.205567613,-1338.0281690140691
285116.80390192004,6598005.945449803,-1971.830985915476
285747.0706869308,6597956.773919115,-1971.830985915476
285747.0706869308,6597965.322972527,-2605.633802816883
,,
,,
,,
,,
,,
,,
,,
,,
,,
,,
,,
,,
,,
,,
,,
,,
,,
,,
,,
,,
,,
,,
,,
,,
,,
,,
,,
,,
,,
,,
,,
,,
,,
,,
,,
,,
,,
,,
,,
,,
,,
,,
,,
,,
,,
,,
,,
,,
,,
,,
,,
286380.575756216,6597887.4455345,-70.42253521125531
286380.575756216,6597891.884094963,-704.2253521126622
286380.575756216,6597899.796311439,-1338.0281690140691
286380.575756216,6597907.689229826,-1971.830985915476
286380.575756216,6597915.562850125,-2605.633802816883
,,
,,
,,
,,
,,
,,
,,
,,
,,
,,
,,
,,
,,
,,
,,
,,
,,
,,
,,
,,
,,
,,
,,
,,
,,
,,
,,
,,
,,
,,
,,
,,
,,
,,
,,
,,
,,
,,
,,
,,
,,
,,
,,
,,
,,
,,
,,
,,
,,
,,
,,
,,
,,
,,
,,
287014.08082550124,6597840.329250287,-70.42253521125531
287014.08082550124,6597844.38184897,-704.2253521126622
287014.08082550124,6597851.599334244,-1338.0281690140691
287014.08082550124,6597858.807170473,-1971.830985915476
287014.08082550124,6597865.986059569,-2605.633802816883
287014.08082550124,6597873.15529962,-3239.43661971829
,,
,,
,,
,,
,,
,,
,,
,,
,,
,,
,,
,,
,,
,,
,,
,,
,,
,,
,,
,,
,,
,,
,,
,,
,,
,,
,,
,,
,,
,,
,,
,,
,,
,,
,,
,,
,,
,,
,,
,,
,,
,,
,,
,,
,,
,,
,,
,,
,,
,,
,,
,,
,,
287647.5858947864,6597793.434894097,-70.42253521125531
287647.5858947864,6597797.111180046,-704.2253521126622
287647.5858947864,6597803.614636027,-1338.0281690140691
287647.5858947864,6597810.118092009,-1971.830985915476
287647.5858947864,6597816.602249902,-2605.633802816883
287647.5858947864,6597823.076758751,-3239.43661971829
,,
,,
,,
,,
,,
,,
,,
,,
,,
,,
,,
,,
,,
,,
,,
,,
,,
,,
,,
,,
,,
,,
,,
,,
,,
,,
,,
,,
,,
,,
,,
,,
,,
,,
,,
,,
,,
,,
,,
,,
,,
,,
,,
,,
,,
,,
,,
,,
,,
,,
,,
,,
,,
,,
,,
,,
,,
288281.0909640716,6597746.772114974,-70.42253521125531
288281.0909640716,6597750.052790099,-704.2253521126622
288281.0909640716,6597755.842216789,-1338.0281690140691
288281.0909640716,6597761.621994435,-1971.830985915476
288281.0909640716,6597767.40177208,-2605.633802816883
288281.0909640716,6597773.162251637,-3239.43661971829
288281.0909640716,6597778.922731194,-3873.239436619697
,,
,,
,,
,,
,,
,,
,,
,,
,,
,,
,,
,,
,,
,,
,,
,,
,,
,,
,,
,,
,,
,,
,,
,,
,,
,,
,,
,,
,,
,,
,,
,,
,,
,,
,,
,,
,,
,,
,,
,,
,,
,,
,,
,,
,,
,,
,,
,,
,,
,,
,,
,,
,,
288914.59603335685,6597700.331263875,-70.42253521125531
288914.59603335685,6597703.206679131,-704.2253521126622
288914.59603335685,6597708.272427485,-1338.0281690140691
288914.59603335685,6597713.328526794,-1971.830985915476
288914.59603335685,6597718.37497706,-2605.633802816883
288914.59603335685,6597723.421427324,-3239.43661971829
288914.59603335685,6597728.458228544,-3873.239436619697
,,
,,
,,
,,
,,
,,
,,
,,
,,
,,
,,
,,
,,
,,
,,
,,
,,
,,
,,
,,
,,
,,
,,
,,
,,
,,
,,
,,
,,
,,
,,
,,
,,
,,
,,
,,
,,
,,
,,
,,
,,
,,
,,
,,
,,
,,
,,
,,
,,
,,
,,
,,
,,
,,
,,
,,
,,
,,
289548.1011026421,6597654.112340799,-70.42253521125531
289548.1011026421,6597656.582496187,-704.2253521126622
289548.1011026421,6597660.905268115,-1338.0281690140691
289548.1011026421,6597665.228040044,-1971.830985915476
289548.1011026421,6597669.541162928,-2605.633802816883
289548.1011026421,6597673.854285812,-3239.43661971829
289548.1011026421,6597678.157759652,-3873.239436619697
289548.1011026421,6597682.461233491,-4507.042253521104
,,
,,
,,
,,
,,
,,
,,
,,
,,
,,
,,
,,
,,
,,
,,
,,
,,
,,
,,
,,
,,
,,
,,
,,
,,
,,
,,
,,
,,
,,
,,
,,
,,
,,
,,
,,
,,
,,
,,
,,
,,
,,
,,
,,
,,
,,
,,
,,
,,
,,
,,
,,
,,
,,
,,
290181.6061719273,6597608.115345745,-70.42253521125531
290181.6061719273,6597610.180241265,-704.2253521126622
290181.6061719273,6597613.750387724,-1338.0281690140691
290181.6061719273,6597617.320534183,-1971.830985915476
290181.6061719273,6597620.890680642,-2605.633802816883
290181.6061719273,6597624.451178056,-3239.43661971829
290181.6061719273,6597628.0116754705,-3873.239436619697
290181.6061719273,6597631.572172885,-4507.042253521104
290181.6061719273,6597635.132670299,-5140.845070422511
,,
,,
,,
,,
,,
,,
,,
,,
,,
,,
,,
,,
,,
,,
,,
,,
,,
,,
,,
,,
,,
,,
,,
,,
,,
,,
,,
,,
,,
,,
,,
,,
,,
,,
,,
,,
,,
,,
,,
,,
,,
,,
,,
,,
,,
,,
,,
,,
,,
,,
,,
,,
,,
,,
,,
,,
,,
,,
290815.11124121246,6597562.340278716,-70.42253521125531
290815.11124121246,6597563.990265322,-704.2253521126622
290815.11124121246,6597566.798137267,-1338.0281690140691
290815.11124121246,6597569.606009211,-1971.830985915476
290815.11124121246,6597572.413881157,-2605.633802816883
290815.11124121246,6597575.221753101,-3239.43661971829
290815.11124121246,6597578.019976001,-3873.239436619697
290815.11124121246,6597580.827847946,-4507.042253521104
290815.11124121246,6597583.626070846,-5140.845070422511
,,
,,
,,
,,
,,
,,
,,
,,
,,
,,
,,
,,
,,
,,
,,
,,
,,
,,
,,
,,
,,
,,
,,
,,
,,
,,
,,
,,
,,
,,
,,
,,
,,
,,
,,
,,
,,
,,
,,
,,
,,
,,
,,
,,
,,
,,
,,
,,
,,
,,
,,
,,
,,
,,
,,
,,
,,
,,
291448.6163104977,6597512.74419007,-70.42253521125531
291448.6163104977,6597514.05646012,-704.2253521126622
291448.6163104977,6597516.256442262,-1338.0281690140691
291448.6163104977,6597518.466073449,-1971.830985915476
291448.6163104977,6597520.666055591,-2605.633802816883
291448.6163104977,6597522.875686778,-3239.43661971829
291448.6163104977,6597525.07566892,-3873.239436619697
291448.6163104977,6597527.285300107,-4507.042253521104
291448.6163104977,6597529.485282249,-5140.845070422511
291448.6163104977,6597531.694913436,-5774.6478873239175
,,
,,
,,
,,
,,
,,
,,
,,
,,
,,
,,
,,
,,
,,
,,
,,
,,
,,
,,
,,
,,
,,
,,
,,
,,
,,
,,
,,
,,
,,
,,
,,
,,
,,
,,
,,
,,
,,
,,
,,
,,
,,
,,
,,
,,
,,
,,
,,
,,
,,
,,
,,
,,
,,
,,
,,
,,
,,
292082.1213797829,6597459.018310386,-70.42253521125531
292082.1213797829,6597460.079705278,-704.2253521126622
292082.1213797829,6597461.855129464,-1338.0281690140691
292082.1213797829,6597463.630553649,-1971.830985915476
292082.1213797829,6597465.405977834,-2605.633802816883
292082.1213797829,6597467.181402018,-3239.43661971829
292082.1213797829,6597468.9568262035,-3873.239436619697
292082.1213797829,6597470.732250389,-4507.042253521104
292082.1213797829,6597472.507674574,-5140.845070422511
292082.1213797829,6597474.283098758,-5774.6478873239175
,,
,,
,,
,,
,,
,,
,,
,,
,,
,,
,,
,,
,,
,,
,,
,,
,,
,,
,,
,,
,,
,,
,,
,,
,,
,,
,,
,,
,,
,,
,,
,,
,,
,,
,,
,,
,,
,,
,,
,,
,,
,,
,,
,,
,,
,,
,,
,,
,,
,,
,,
,,
,,
,,
,,
,,
,,
,,
292715.62644906814,6597405.359974013,-70.42253521125531
292715.62644906814,6597406.170493749,-704.2253521126622
292715.62644906814,6597407.5117109325,-1338.0281690140691
292715.62644906814,6597408.86257716,-1971.830985915476
292715.62644906814,6597410.203794343,-2605.633802816883
292715.62644906814,6597411.545011526,-3239.43661971829
292715.62644906814,6597412.8862287095,-3873.239436619697
292715.62644906814,6597414.227445893,-4507.042253521104
292715.62644906814,6597415.57831212,-5140.845070422511
292715.62644906814,6597416.919529304,-5774.6478873239175
292715.62644906814,6597417.932678974,-6408.450704225324
,,
,,
,,
,,
,,
,,
,,
,,
,,
,,
,,
,,
,,
,,
,,
,,
,,
,,
,,
,,
,,
,,
,,
,,
,,
,,
,,
,,
,,
,,
,,
,,
,,
,,
,,
,,
,,
,,
,,
,,
,,
,,
,,
,,
,,
,,
,,
,,
,,
,,
,,
,,
,,
,,
,,
,,
,,
,,
293349.13151835336,6597352.135844641,-70.42253521125531
293091.1997592631,6597373.585670528,-70.42253521125531
293099.0006410825,6597373.585670528,-704.2253521126622
293349.13151835336,6597352.6761911325,-704.2253521126622
293111.6057834523,6597373.585670528,-1338.0281690140691
293349.13151835336,6597353.544605136,-1338.0281690140691
293124.0175954176,6597373.585670528,-1971.830985915476
293349.13151835336,6597354.413019139,-1971.830985915476
293136.22641045833,6597373.585670528,-2605.633802816883
293349.13151835336,6597355.291082188,-2605.633802816883
293148.2467283547,6597373.585670528,-3239.43661971829
293349.13151835336,6597356.169145235,-3239.43661971829
293160.0785491067,6597373.585670528,-3873.239436619697
293349.13151835336,6597357.047208283,-3873.239436619697
293171.72670597455,6597373.585670528,-4507.042253521104
293349.13151835336,6597357.925271331,-4507.042253521104
293183.1960322182,6597373.585670528,-5140.845070422511
293349.13151835336,6597358.80333438,-5140.845070422511
293194.4913610979,6597373.585670528,-5774.6478873239175
293349.13151835336,6597359.691046472,-5774.6478873239175
,,
293349.13151835336,6597360.356830541,-6408.450704225324
293202.8770673907,6597373.585670528,-6408.450704225324
,,
,,
,,
,,
,,
,,
,,
,,
,,
,,
,,
,,
,,
,,
,,
,,
,,
,,
,,
,,
,,
,,
,,
,,
,,
,,
,,
,,
,,
,,
,,
,,
,,
,,
,,
,,
,,
,,
,,
,,
,,
,,
,,
,,
,,
,,
,,
,,
,,
,,
,,
,,
,,
,,
,,
,,
,,
,,
293982.6365876385,6597299.336273227,-70.42253521125531
293982.6365876385,6597299.596797428,-704.2253521126622
293982.6365876385,6597299.992408251,-1338.0281690140691
293982.6365876385,6597300.378370031,-1971.830985915476
293982.6365876385,6597300.773980855,-2605.633802816883
293982.6365876385,6597301.169591679,-3239.43661971829
293982.6365876385,6597301.5652025025,-3873.239436619697
293982.6365876385,6597301.960813327,-4507.042253521104
293982.6365876385,6597302.35642415,-5140.845070422511
293982.6365876385,6597302.761684018,-5774.6478873239175
293982.6365876385,6597303.041506309,-6408.450704225324
293982.6365876385,6597303.031857264,-7042.253521126731
,,
,,
,,
,,
,,
,,
,,
,,
,,
,,
,,
,,
,,
,,
,,
,,
,,
,,
,,
,,
,,
,,
,,
,,
,,
,,
,,
,,
,,
,,
,,
,,
,,
,,
,,
,,
,,
,,
,,
,,
,,
,,
,,
,,
,,
,,
,,
,,
,,
,,
,,
,,
,,
,,
,,
,,
,,
294616.14165692375,6597246.363019012,-70.42253521125531
294616.14165692375,6597246.363019012,-704.2253521126622
294616.14165692375,6597246.295475701,-1338.0281690140691
294616.14165692375,6597246.218283345,-1971.830985915476
294616.14165692375,6597246.150740034,-2605.633802816883
294616.14165692375,6597246.083196722,-3239.43661971829
294616.14165692375,6597246.006004366,-3873.239436619697
294616.14165692375,6597245.938461055,-4507.042253521104
294616.14165692375,6597245.861268699,-5140.845070422511
294616.14165692375,6597245.793725387,-5774.6478873239175
294616.14165692375,6597245.706883987,-6408.450704225324
294616.14165692375,6597245.581446409,-7042.253521126731
,,
,,
,,
,,
,,
,,
,,
,,
,,
,,
,,
,,
,,
,,
,,
,,
,,
,,
,,
,,
,,
,,
,,
,,
,,
,,
,,
,,
,,
,,
,,
,,
,,
,,
,,
,,
,,
,,
,,
,,
,,
,,
,,
,,
,,
,,
,,
,,
,,
,,
,,
,,
,,
,,
,,
,,
,,
,,
295249.646726209,6597193.225731041,-70.42253521125531
295249.646726209,6597192.96520684,-704.2253521126622
295249.646726209,6597192.4538074825,-1338.0281690140691
295249.646726209,6597191.93275908,-1971.830985915476
295249.646726209,6597191.411710679,-2605.633802816883
295249.646726209,6597190.890662276,-3239.43661971829
295249.646726209,6597190.369613874,-3873.239436619697
295249.646726209,6597189.848565472,-4507.042253521104
295249.646726209,6597189.32751707,-5140.845070422511
295249.646726209,6597188.806468667,-5774.6478873239175
295249.646726209,6597188.362612622,-6408.450704225324
295249.646726209,6597188.111737465,-7042.253521126731
295249.646726209,6597187.870511353,-7676.056338028138
,,
,,
,,
,,
,,
,,
,,
,,
,,
,,
,,
,,
,,
,,
,,
,,
,,
,,
,,
,,
,,
,,
,,
,,
,,
,,
,,
,,
,,
,,
,,
,,
,,
,,
,,
,,
,,
,,
,,
,,
,,
,,
,,
,,
,,
,,
,,
,,
,,
,,
,,
,,
,,
,,
,,
,,
,,
,,
295883.1517954942,6597139.924409314,-70.42253521125531
295883.1517954942,6597139.4130099565,-704.2253521126622
295883.1517954942,6597138.467403597,-1338.0281690140691
295883.1517954942,6597137.512148193,-1971.830985915476
295883.1517954942,6597136.556892789,-2605.633802816883
295883.1517954942,6597135.601637386,-3239.43661971829
295883.1517954942,6597134.646381982,-3873.239436619697
295883.1517954942,6597133.691126578,-4507.042253521104
295883.1517954942,6597132.735871173,-5140.845070422511
295883.1517954942,6597131.78061577,-5774.6478873239175
295883.1517954942,6597130.999043167,-6408.450704225324
295883.1517954942,6597130.632379476,-7042.253521126731
295883.1517954942,6597130.27536483,-7676.056338028138
,,
,,
,,
,,
,,
,,
,,
,,
,,
,,
,,
,,
,,
,,
,,
,,
,,
,,
,,
,,
,,
,,
,,
,,
,,
,,
,,
,,
,,
,,
,,
,,
,,
,,
,,
,,
,,
,,
,,
,,
,,
,,
,,
,,
,,
,,
,,
,,
,,
,,
,,
,,
,,
,,
,,
,,
,,
,,
,,
,,
296516.6568647794,6597086.4397557415,-70.42253521125531
296516.6568647794,6597085.696779316,-704.2253521126622
296516.6568647794,6597084.326614999,-1338.0281690140691
296516.6568647794,6597082.966099728,-1971.830985915476
296516.6568647794,6597081.595935411,-2605.633802816883
296516.6568647794,6597080.225771094,-3239.43661971829
296516.6568647794,6597078.855606778,-3873.239436619697
296516.6568647794,6597077.475793417,-4507.042253521104
296516.6568647794,6597076.1056290995,-5140.845070422511
296516.6568647794,6597074.735464783,-5774.6478873239175
296516.6568647794,6597073.616175623,-6408.450704225324
296516.6568647794,6597073.153021487,-7042.253521126731
296516.6568647794,6597072.680218308,-7676.056338028138
296516.6568647794,6597072.207415128,-8309.859154929545
,,
,,
,,
,,
,,
,,
,,
,,
,,
,,
,,
,,
,,
,,
,,
,,
,,
,,
,,
,,
,,
,,
,,
,,
,,
,,
,,
,,
,,
,,
,,
,,
,,
,,
,,
,,
,,
,,
,,
,,
,,
,,
,,
,,
,,
,,
,,
,,
,,
,,
,,
,,
,,
,,
,,
,,
,,
,,
,,
,,
297150.1619340646,6597032.752472235,-70.42253521125531
297150.1619340646,6597031.777918742,-704.2253521126622
297150.1619340646,6597030.012143602,-1338.0281690140691
297150.1619340646,6597028.246368461,-1971.830985915476
297150.1619340646,6597026.480593321,-2605.633802816883
297150.1619340646,6597024.714818181,-3239.43661971829
297150.1619340646,6597022.939393995,-3873.239436619697
297150.1619340646,6597021.173618855,-4507.042253521104
297150.1619340646,6597019.407843715,-5140.845070422511
297150.1619340646,6597017.632419529,-5774.6478873239175
297150.1619340646,6597016.21400999,-6408.450704225324
297150.1619340646,6597015.635067321,-7042.253521126731
297150.1619340646,6597015.056124652,-7676.056338028138
297150.1619340646,6597014.486831028,-8309.859154929545
,,
,,
,,
,,
,,
,,
,,
,,
,,
,,
,,
,,
,,
,,
,,
,,
,,
,,
,,
,,
,,
,,
,,
,,
,,
,,
,,
,,
,,
,,
,,
,,
,,
,,
,,
,,
,,
,,
,,
,,
,,
,,
,,
,,
,,
,,
,,
,,
,,
,,
,,
,,
,,
,,
,,
,,
,,
,,
,,
,,
,,
297783.6670033498,6596964.774953849,-70.42253521125531
297783.6670033498,6596964.0995207345,-704.2253521126622
297783.6670033498,6596962.86444304,-1338.0281690140691
297783.6670033498,6596961.6197163025,-1971.830985915476
297783.6670033498,6596960.384638608,-2605.633802816883
297783.6670033498,6596959.13991187,-3239.43661971829
297783.6670033498,6596957.9048341755,-3873.239436619697
297783.6670033498,6596956.6601074375,-4507.042253521104
297783.6670033498,6596955.425029743,-5140.845070422511
297783.6670033498,6596954.1803030055,-5774.6478873239175
297783.6670033498,6596953.196100468,-6408.450704225324
297783.6670033498,6596952.839085822,-7042.253521126731
297783.6670033498,6596952.491720221,-7676.056338028138
297783.6670033498,6596952.134705575,-8309.859154929545
297783.6670033498,6596951.777690928,-8943.661971830952
,,
,,
,,
,,
,,
,,
,,
,,
,,
,,
,,
,,
,,
,,
,,
,,
,,
,,
,,
,,
,,
,,
,,
,,
,,
,,
,,
,,
,,
,,
,,
,,
,,
,,
,,
,,
,,
,,
,,
,,
,,
,,
,,
,,
,,
,,
,,
,,
,,
,,
,,
,,
,,
,,
,,
,,
,,
,,
,,
298417.17207263503,6596896.836031639,-70.42253521125531
298417.17207263503,6596896.450069861,-704.2253521126622
298417.17207263503,6596895.736040568,-1338.0281690140691
298417.17207263503,6596895.022011276,-1971.830985915476
298417.17207263503,6596894.307981985,-2605.633802816883
298417.17207263503,6596893.593952693,-3239.43661971829
298417.17207263503,6596892.879923401,-3873.239436619697
298417.17207263503,6596892.16589411,-4507.042253521104
298417.17207263503,6596891.442215773,-5140.845070422511
298417.17207263503,6596890.728186482,-5774.6478873239175
298417.17207263503,6596890.178190946,-6408.450704225324
298417.17207263503,6596890.052753367,-7042.253521126731
298417.17207263503,6596889.917666744,-7676.056338028138
298417.17207263503,6596889.792229166,-8309.859154929545
298417.17207263503,6596889.657142543,-8943.661971830952
,,
,,
,,
,,
,,
,,
,,
,,
,,
,,
,,
,,
,,
,,
,,
,,
,,
,,
,,
,,
,,
,,
,,
,,
,,
,,
,,
,,
,,
,,
,,
,,
,,
,,
,,
,,
,,
,,
,,
,,
,,
,,
,,
,,
,,
,,
,,
,,
,,
,,
,,
,,
,,
,,
,,
,,
,,
,,
,,
,,
,,
,,
,,
299050.67714192026,6596828.926056564,-70.42253521125531
299050.67714192026,6596828.829566119,-704.2253521126622
299050.67714192026,6596828.63658523,-1338.0281690140691
299050.67714192026,6596828.44360434,-1971.830985915476
299050.67714192026,6596828.250623451,-2605.633802816883
299050.67714192026,6596828.05764256,-3239.43661971829
299050.67714192026,6596827.864661671,-3873.239436619697
299050.67714192026,6596827.671680781,-4507.042253521104
299050.67714192026,6596827.478699892,-5140.845070422511
299050.67714192026,6596827.285719002,-5774.6478873239175
299050.67714192026,6596827.169930468,-6408.450704225324
299050.67714192026,6596827.266420913,-7042.253521126731
299050.67714192026,6596827.353262314,-7676.056338028138
299050.67714192026,6596827.449752758,-8309.859154929545
299050.67714192026,6596827.536594158,-8943.661971830952
299050.67714192026,6596827.633084604,-9577.464788732359
,,
,,
,,
,,
,,
,,
,,
,,
,,
,,
,,
,,
,,
,,
,,
,,
,,
,,
,,
,,
,,
,,
,,
,,
,,
,,
,,
,,
,,
,,
,,
,,
,,
,,
,,
,,
,,
,,
,,
,,
,,
,,
,,
,,
,,
,,
,,
,,
,,
,,
,,
,,
,,
,,
,,
,,
,,
,,
,,
,,
,,
299684.1822112055,6596761.054677667,-70.42253521125531
299684.1822112055,6596761.247658556,-704.2253521126622
299684.1822112055,6596761.575726069,-1338.0281690140691
299684.1822112055,6596761.894144537,-1971.830985915476
299684.1822112055,6596762.222212049,-2605.633802816883
299684.1822112055,6596762.5406305175,-3239.43661971829
299684.1822112055,6596762.86869803,-3873.239436619697
299684.1822112055,6596763.187116497,-4507.042253521104
299684.1822112055,6596763.51518401,-5140.845070422511
299684.1822112055,6596763.843251523,-5774.6478873239175
299684.1822112055,6596764.16166999,-6408.450704225324
299684.1822112055,6596764.480088458,-7042.253521126731
299684.1822112055,6596764.798506927,-7676.056338028138
299684.1822112055,6596765.10727635,-8309.859154929545
299684.1822112055,6596765.425694818,-8943.661971830952
299684.1822112055,6596765.744113286,-9577.464788732359
,,
,,
,,
,,
,,
,,
,,
,,
,,
,,
,,
,,
,,
,,
,,
,,
,,
,,
,,
,,
,,
,,
,,
,,
,,
,,
,,
,,
,,
,,
,,
,,
,,
,,
,,
,,
,,
,,
,,
,,
,,
,,
,,
,,
,,
,,
,,
,,
,,
,,
,,
,,
,,
,,
,,
,,
,,
,,
,,
,,
300317.68728049065,6596693.221894947,-70.42253521125531
299869.32507302216,6596741.225891253,-70.42253521125531
299871.9543665226,6596741.225891253,-704.2253521126622
300317.68728049065,6596693.704347172,-704.2253521126622
299876.43963190576,6596741.225891253,-1338.0281690140691
300317.68728049065,6596694.534164997,-1338.0281690140691
299881.0022294506,6596741.225891253,-1971.830985915476
300317.68728049065,6596695.373631867,-1971.830985915476
299885.6421591573,6596741.225891253,-2605.633802816883
300317.68728049065,6596696.213098737,-2605.633802816883
299890.3594210258,6596741.225891253,-3239.43661971829
300317.68728049065,6596697.042916562,-3239.43661971829
299895.1443485358,6596741.225891253,-3873.239436619697
300317.68728049065,6596697.882383433,-3873.239436619697
299900.01627472776,6596741.225891253,-4507.042253521104
300317.68728049065,6596698.721850303,-4507.042253521104
299904.96553308156,6596741.225891253,-5140.845070422511
300317.68728049065,6596699.561317173,-5140.845070422511
299910.00179011736,6596741.225891253,-5774.6478873239175
300317.68728049065,6596700.400784043,-5774.6478873239175
299914.7867176274,6596741.225891253,-6408.450704225324
300317.68728049065,6596701.153409513,-6408.450704225324
299918.79832351964,6596741.225891253,-7042.253521126731
300317.68728049065,6596701.693756004,-7042.253521126731
299922.8389289725,6596741.225891253,-7676.056338028138
300317.68728049065,6596702.234102495,-7676.056338028138
299926.9085339861,6596741.225891253,-8309.859154929545
300317.68728049065,6596702.774448986,-8309.859154929545
299931.0168050805,6596741.225891253,-8943.661971830952
300317.68728049065,6596703.314795477,-8943.661971830952
299935.15407573566,6596741.225891253,-9577.464788732359
300317.68728049065,6596703.8551419685,-9577.464788732359
300317.68728049065,6596704.39548846,-10211.267605633766
,,
,,
,,
,,
,,
,,
,,
,,
,,
,,
,,
,,
,,
,,
,,
,,
,,
,,
,,
,,
,,
,,
,,
,,
,,
,,
,,
,,
,,
,,
,,
,,
,,
,,
,,
,,
,,
,,
,,
,,
,,
,,
,,
,,
,,
,,
,,
,,
,,
,,
,,
,,
,,
,,
,,
,,
,,
,,
,,
300951.19234977587,6596625.418059361,-70.42253521125531
300951.19234977587,6596626.180333875,-704.2253521126622
300951.19234977587,6596627.531200103,-1338.0281690140691
300951.19234977587,6596628.872417286,-1971.830985915476
300951.19234977587,6596630.223283514,-2605.633802816883
300951.19234977587,6596631.564500697,-3239.43661971829
300951.19234977587,6596632.915366925,-3873.239436619697
300951.19234977587,6596634.266233153,-4507.042253521104
300951.19234977587,6596635.61709938,-5140.845070422511
300951.19234977587,6596636.967965608,-5774.6478873239175
300951.19234977587,6596638.145149035,-6408.450704225324
300951.19234977587,6596638.917072594,-7042.253521126731
300951.19234977587,6596639.679347108,-7676.056338028138
300951.19234977587,6596640.441621622,-8309.859154929545
300951.19234977587,6596641.213545181,-8943.661971830952
300951.19234977587,6596641.975819695,-9577.464788732359
300951.19234977587,6596642.747743254,-10211.267605633766
,,
,,
,,
,,
,,
,,
,,
,,
,,
,,
,,
,,
,,
,,
,,
,,
,,
,,
,,
,,
,,
,,
,,
,,
,,
,,
,,
,,
,,
,,
,,
,,
,,
,,
,,
,,
,,
,,
,,
,,
,,
,,
,,
,,
,,
,,
,,
,,
,,
,,
,,
,,
,,
,,
,,
,,
,,
,,
,,
,,
,,
,,
301584.6974190611,6596557.643170909,-70.42253521125531
301584.6974190611,6596558.694916758,-704.2253521126622
301584.6974190611,6596560.547533298,-1338.0281690140691
301584.6974190611,6596562.400149839,-1971.830985915476
301584.6974190611,6596564.25276638,-2605.633802816883
301584.6974190611,6596566.105382921,-3239.43661971829
301584.6974190611,6596567.957999461,-3873.239436619697
301584.6974190611,6596569.820265047,-4507.042253521104
301584.6974190611,6596571.672881587,-5140.845070422511
301584.6974190611,6596573.535147173,-5774.6478873239175
301584.6974190611,6596575.146537602,-6408.450704225324
301584.6974190611,6596576.130740139,-7042.253521126731
301584.6974190611,6596577.124591721,-7676.056338028138
301584.6974190611,6596578.118443303,-8309.859154929545
301584.6974190611,6596579.112294884,-8943.661971830952
301584.6974190611,6596580.106146466,-9577.464788732359
301584.6974190611,6596581.0999980485,-10211.267605633766
301584.6974190611,6596582.09384963,-10845.070422535173
,,
,,
,,
,,
,,
,,
,,
,,
,,
,,
,,
,,
,,
,,
,,
,,
,,
,,
,,
,,
,,
,,
,,
,,
,,
,,
,,
,,
,,
,,
,,
,,
,,
,,
,,
,,
,,
,,
,,
,,
,,
,,
,,
,,
,,
,,
,,
,,
,,
,,
,,
,,
,,
,,
,,
,,
,,
,,
,,
,,
302218.2024883463,6596489.916527678,-70.42253521125531
302218.2024883463,6596491.248095817,-704.2253521126622
302218.2024883463,6596493.592813627,-1338.0281690140691
302218.2024883463,6596495.947180481,-1971.830985915476
302218.2024883463,6596498.3015473345,-2605.633802816883
302218.2024883463,6596500.655914188,-3239.43661971829
302218.2024883463,6596503.019930087,-3873.239436619697
302218.2024883463,6596505.374296941,-4507.042253521104
302218.2024883463,6596507.7383128395,-5140.845070422511
302218.2024883463,6596510.102328738,-5774.6478873239175
302218.2024883463,6596512.138277125,-6408.450704225324
302218.2024883463,6596513.354056729,-7042.253521126731
302218.2024883463,6596514.569836334,-7676.056338028138
302218.2024883463,6596515.795264984,-8309.859154929545
302218.2024883463,6596517.011044588,-8943.661971830952
302218.2024883463,6596518.236473238,-9577.464788732359
302218.2024883463,6596519.4522528425,-10211.267605633766
302218.2024883463,6596520.677681492,-10845.070422535173
,,
,,
,,
,,
,,
,,
,,
,,
,,
,,
,,
,,
,,
,,
,,
,,
,,
,,
,,
,,
,,
,,
,,
,,
,,
,,
,,
,,
,,
,,
,,
,,
,,
,,
,,
,,
,,
,,
,,
,,
,,
,,
,,
,,
,,
,,
,,
,,
,,
,,
,,
,,
,,
,,
,,
,,
,,
,,
,,
,,
,,
,,
,,
302851.70755763154,6596422.209182537,-70.42253521125531
302851.70755763154,6596423.820572966,-704.2253521126622
302851.70755763154,6596426.667041088,-1338.0281690140691
302851.70755763154,6596429.523158256,-1971.830985915476
302851.70755763154,6596432.379275423,-2605.633802816883
302851.70755763154,6596435.23539259,-3239.43661971829
302851.70755763154,6596438.091509758,-3873.239436619697
302851.70755763154,6596440.947626924,-4507.042253521104
302851.70755763154,6596443.813393136,-5140.845070422511
302851.70755763154,6596446.679159348,-5774.6478873239175
302851.70755763154,6596449.139665691,-6408.450704225324
302851.70755763154,6596450.577373319,-7042.253521126731
302851.70755763154,6596452.024729991,-7676.056338028138
302851.70755763154,6596453.472086664,-8309.859154929545
302851.70755763154,6596454.919443336,-8943.661971830952
302851.70755763154,6596456.366800009,-9577.464788732359
302851.70755763154,6596457.814156681,-10211.267605633766
302851.70755763154,6596459.261513354,-10845.070422535173
302851.70755763154,6596460.718519071,-11478.87323943658
,,
,,
,,
,,
,,
,,
,,
,,
,,
,,
,,
,,
,,
,,
,,
,,
,,
,,
,,
,,
,,
,,
,,
,,
,,
,,
,,
,,
,,
,,
,,
,,
,,
,,
,,
,,
,,
,,
,,
,,
,,
,,
,,
,,
,,
,,
,,
,,
,,
,,
,,
,,
,,
,,
,,
,,
,,
,,
,,
,,
,,
303485.2126269167,6596355.630775601,-70.42253521125531
303485.2126269167,6596357.444795963,-704.2253521126622
303485.2126269167,6596360.677225865,-1338.0281690140691
303485.2126269167,6596363.900006723,-1971.830985915476
303485.2126269167,6596367.132436625,-2605.633802816883
303485.2126269167,6596370.374515572,-3239.43661971829
303485.2126269167,6596373.606945474,-3873.239436619697
303485.2126269167,6596376.84902442,-4507.042253521104
303485.2126269167,6596380.100752411,-5140.845070422511
303485.2126269167,6596383.342831357,-5774.6478873239175
303485.2126269167,6596386.121756169,-6408.450704225324
303485.2126269167,6596387.742795642,-7042.253521126731
303485.2126269167,6596389.354186071,-7676.056338028138
303485.2126269167,6596390.9655765,-8309.859154929545
303485.2126269167,6596392.586615973,-8943.661971830952
303485.2126269167,6596394.207655446,-9577.464788732359
303485.2126269167,6596395.819045874,-10211.267605633766
303485.2126269167,6596397.440085348,-10845.070422535173
303485.2126269167,6596399.061124821,-11478.87323943658
,,
,,
,,
,,
,,
,,
,,
,,
,,
,,
,,
,,
,,
,,
,,
,,
,,
,,
,,
,,
,,
,,
,,
,,
,,
,,
,,
,,
,,
,,
,,
,,
,,
,,
,,
,,
,,
,,
,,
,,
,,
,,
,,
,,
,,
,,
,,
,,
,,
,,
,,
,,
,,
,,
,,
,,
,,
,,
,,
,,
,,
,,
,,
304118.71769620193,6596290.084816424,-70.42253521125531
304118.71769620193,6596292.043572454,-704.2253521126622
304118.71769620193,6596295.536526557,-1338.0281690140691
304118.71769620193,6596299.039129704,-1971.830985915476
304118.71769620193,6596302.5320838075,-2605.633802816883
304118.71769620193,6596306.0443359995,-3239.43661971829
304118.71769620193,6596309.546939148,-3873.239436619697
304118.71769620193,6596313.05919134,-4507.042253521104
304118.71769620193,6596316.581092576,-5140.845070422511
304118.71769620193,6596320.102993812,-5774.6478873239175
304118.71769620193,6596323.103846647,-6408.450704225324
304118.71769620193,6596324.831025609,-7042.253521126731
304118.71769620193,6596326.567853617,-7676.056338028138
304118.71769620193,6596328.2950325785,-8309.859154929545
304118.71769620193,6596330.031860586,-8943.661971830952
304118.71769620193,6596331.759039548,-9577.464788732359
304118.71769620193,6596333.495867555,-10211.267605633766
304118.71769620193,6596335.232695563,-10845.070422535173
304118.71769620193,6596336.96952357,-11478.87323943658
304118.71769620193,6596338.706351576,-12112.676056337987
,,
,,
,,
,,
,,
,,
,,
,,
,,
,,
,,
,,
,,
,,
,,
,,
,,
,,
,,
,,
,,
,,
,,
,,
,,
,,
,,
,,
,,
,,
,,
,,
,,
,,
,,
,,
,,
,,
,,
,,
,,
,,
,,
,,
,,
,,
,,
,,
,,
,,
,,
,,
,,
,,
,,
,,
,,
,,
,,
,,
,,
,,
,,
304752.22276548715,6596224.577453425,-70.42253521125531
304752.22276548715,6596226.661647033,-704.2253521126622
304752.22276548715,6596230.424774382,-1338.0281690140691
304752.22276548715,6596234.187901731,-1971.830985915476
304752.22276548715,6596237.960678124,-2605.633802816883
304752.22276548715,6596241.723805472,-3239.43661971829
304752.22276548715,6596245.506230909,-3873.239436619697
304752.22276548715,6596249.279007303,-4507.042253521104
304752.22276548715,6596253.061432741,-5140.845070422511
304752.22276548715,6596256.853507223,-5774.6478873239175
304752.22276548715,6596260.07628808,-6408.450704225324
304752.22276548715,6596261.928904621,-7042.253521126731
304752.22276548715,6596263.771872117,-7676.056338028138
304752.22276548715,6596265.624488658,-8309.859154929545
304752.22276548715,6596267.477105198,-8943.661971830952
304752.22276548715,6596269.3297217395,-9577.464788732359
304752.22276548715,6596271.172689236,-10211.267605633766
304752.22276548715,6596273.025305777,-10845.070422535173
304752.22276548715,6596274.877922318,-11478.87323943658
304752.22276548715,6596276.730538858,-12112.676056337987
,,
,,
,,
,,
,,
,,
,,
,,
,,
,,
,,
,,
,,
,,
,,
,,
,,
,,
,,
,,
,,
,,
,,
,,
,,
,,
,,
,,
,,
,,
,,
,,
,,
,,
,,
,,
,,
,,
,,
,,
,,
,,
,,
,,
,,
,,
,,
,,
,,
,,
,,
,,
,,
,,
,,
,,
,,
,,
,,
,,
,,
,,
,,
,,
,,
305385.7278347724,6596159.089388515,-70.42253521125531
305385.7278347724,6596161.3183177905,-704.2253521126622
305385.7278347724,6596165.34196934,-1338.0281690140691
305385.7278347724,6596169.36562089,-1971.830985915476
305385.7278347724,6596173.389272439,-2605.633802816883
305385.7278347724,6596177.432222079,-3239.43661971829
305385.7278347724,6596181.465522672,-3873.239436619697
305385.7278347724,6596185.508472311,-4507.042253521104
305385.7278347724,6596189.5610709945,-5140.845070422511
305385.7278347724,6596193.604020633,-5774.6478873239175
305385.7278347724,6596197.058378558,-6408.450704225324
305385.7278347724,6596199.026783632,-7042.253521126731
305385.7278347724,6596200.9951887075,-7676.056338028138
305385.7278347724,6596202.953944737,-8309.859154929545
305385.7278347724,6596204.9223498115,-8943.661971830952
305385.7278347724,6596206.890754887,-9577.464788732359
305385.7278347724,6596208.859159961,-10211.267605633766
305385.7278347724,6596210.837214081,-10845.070422535173
305385.7278347724,6596212.805619155,-11478.87323943658
305385.7278347724,6596214.7740242295,-12112.676056337987
305385.7278347724,6596214.687182829,-12746.478873239394
,,
,,
,,
,,
,,
,,
,,
,,
,,
,,
,,
,,
,,
,,
,,
,,
,,
,,
,,
,,
,,
,,
,,
,,
,,
,,
,,
,,
,,
,,
,,
,,
,,
,,
,,
,,
,,
,,
,,
,,
,,
,,
,,
,,
,,
,,
,,
,,
,,
,,
,,
,,
,,
,,
,,
,,
,,
,,
,,
,,
,,
306019.2329040576,6596093.639919783,-70.42253521125531
305871.83780370874,6596108.866111978,-70.42253521125531
305894.4091284277,6596108.866111978,-704.2253521126622
306019.2329040576,6596095.994286637,-704.2253521126622
305935.59817109467,6596108.866111978,-1338.0281690140691
306019.2329040576,6596100.278462388,-1338.0281690140691
305977.1448750099,6596108.866111978,-1971.830985915476
306019.2329040576,6596104.562638138,-1971.830985915476
306019.078239734,6596108.866111978,-2605.633802816883
306019.2329040576,6596108.846813889,-2605.633802816883
306019.2329040576,6596108.866111978,-2607.9077116200424
,,
306019.2329040576,6596113.140638684,-3239.43661971829
306019.2329040576,6596117.444112523,-3873.239436619697
306019.2329040576,6596121.747586364,-4507.042253521104
306019.2329040576,6596126.051060203,-5140.845070422511
306019.2329040576,6596130.364183087,-5774.6478873239175
306019.2329040576,6596134.0404690355,-6408.450704225324
306019.2329040576,6596136.124662644,-7042.253521126731
306019.2329040576,6596138.208856253,-7676.056338028138
306019.2329040576,6596140.293049861,-8309.859154929545
306019.2329040576,6596142.3772434695,-8943.661971830952
306019.2329040576,6596144.471086122,-9577.464788732359
306019.2329040576,6596146.555279731,-10211.267605633766
306019.2329040576,6596148.649122383,-10845.070422535173
306019.2329040576,6596150.733315992,-11478.87323943658
306019.2329040576,6596152.827158645,-12112.676056337987
306019.2329040576,6596152.335057376,-12746.478873239394
,,
,,
,,
,,
,,
,,
,,
,,
,,
,,
,,
,,
,,
,,
,,
,,
,,
,,
,,
,,
,,
,,
,,
,,
,,
,,
,,
,,
,,
,,
,,
,,
,,
,,
,,
,,
,,
,,
,,
,,
,,
,,
,,
,,
,,
,,
,,
,,
,,
,,
,,
,,
,,
,,
,,
,,
,,
,,
,,
,,
,,
,,
306652.73797334277,6596028.219398185,-70.42253521125531
306652.73797334277,6596030.7088516615,-704.2253521126622
306652.73797334277,6596035.243902569,-1338.0281690140691
306652.73797334277,6596039.778953476,-1971.830985915476
306652.73797334277,6596044.323653427,-2605.633802816883
306061.398265267,6596108.866111978,-3239.43661971829
306652.73797334277,6596048.878002424,-3239.43661971829
306104.1049516089,6596108.866111978,-3873.239436619697
306652.73797334277,6596053.43235142,-3873.239436619697
306147.20796527993,6596108.866111978,-4507.042253521104
306652.73797334277,6596057.986700417,-4507.042253521104
306190.70730628003,6596108.866111978,-5140.845070422511
306652.73797334277,6596062.560347501,-5140.845070422511
306234.6223076497,6596108.866111978,-5774.6478873239175
306652.73797334277,6596067.124345542,-5774.6478873239175
306272.2637373951,6596108.866111978,-6408.450704225324
306652.73797334277,6596071.0129104685,-6408.450704225324
306293.7427453289,6596108.866111978,-7042.253521126731
306652.73797334277,6596073.222541655,-7042.253521126731
306315.31841846503,6596108.866111978,-7676.056338028138
306652.73797334277,6596075.432172842,-7676.056338028138
306336.97142376285,6596108.866111978,-8309.859154929545
306652.73797334277,6596077.632154984,-8309.859154929545
306358.73076078313,6596108.866111978,-8943.661971830952
306652.73797334277,6596079.841786171,-8943.661971830952
306380.5674299652,6596108.866111978,-9577.464788732359
306652.73797334277,6596082.051417358,-9577.464788732359
306402.5104308697,6596108.866111978,-10211.267605633766
306652.73797334277,6596084.261048545,-10211.267605633766
306424.54043045617,6596108.866111978,-10845.070422535173
306652.73797334277,6596086.470679732,-10845.070422535173
306446.6574287247,6596108.866111978,-11478.87323943658
306652.73797334277,6596088.680310918,-11478.87323943658
306468.8807587156,6596108.866111978,-12112.676056337987
306652.73797334277,6596090.889942105,-12112.676056337987
306460.8865464918,6596108.866111978,-12746.478873239394
306652.73797334277,6596089.982931924,-12746.478873239394
306652.73797334277,6596088.342594362,-13380.2816901408
,,
,,
,,
,,
,,
,,
,,
,,
,,
,,
,,
,,
,,
,,
,,
,,
,,
,,
,,
,,
,,
,,
,,
,,
,,
,,
,,
,,
,,
,,
,,
,,
,,
,,
,,
,,
,,
,,
,,
,,
,,
,,
,,
,,
,,
,,
,,
,,
,,
,,
,,
,,
,,
,,
,,
,,
,,
,,
,,
,,
,,
,,
,,
307286.243042628,6595962.837472764,-70.42253521125531
307286.243042628,6595965.452363819,-704.2253521126622
307286.243042628,6595970.238289882,-1338.0281690140691
307286.243042628,6595975.024215946,-1971.830985915476
307286.243042628,6595979.819791054,-2605.633802816883
307286.243042628,6595984.625015208,-3239.43661971829
307286.243042628,6595989.430239361,-3873.239436619697
307286.243042628,6595994.245112558,-4507.042253521104
307286.243042628,6595999.0696348,-5140.845070422511
307286.243042628,6596003.894157041,-5774.6478873239175
307286.243042628,6596007.995000946,-6408.450704225324
307286.243042628,6596010.3204206675,-7042.253521126731
307286.243042628,6596012.645840388,-7676.056338028138
307286.243042628,6596014.980909153,-8309.859154929545
307286.243042628,6596017.306328873,-8943.661971830952
307286.243042628,6596019.631748594,-9577.464788732359
307286.243042628,6596021.9668173585,-10211.267605633766
307286.243042628,6596024.301886124,-10845.070422535173
307286.243042628,6596026.627305845,-11478.87323943658
307286.243042628,6596028.96237461,-12112.676056337987
307286.243042628,6596027.65010456,-12746.478873239394
307286.243042628,6596025.459771462,-13380.2816901408
,,
,,
,,
,,
,,
,,
,,
,,
,,
,,
,,
,,
,,
,,
,,
,,
,,
,,
,,
,,
,,
,,
,,
,,
,,
,,
,,
,,
,,
,,
,,
,,
,,
,,
,,
,,
,,
,,
,,
,,
,,
,,
,,
,,
,,
,,
,,
,,
,,
,,
,,
,,
,,
,,
,,
,,
,,
,,
,,
,,
,,
,,
,,
307919.7481119132,6595897.474845432,-70.42253521125531
307919.7481119132,6595900.215174065,-704.2253521126622
307919.7481119132,6595905.251975286,-1338.0281690140691
307919.7481119132,6595910.288776506,-1971.830985915476
307919.7481119132,6595915.335226771,-2605.633802816883
307919.7481119132,6595920.381677036,-3239.43661971829
307919.7481119132,6595925.44742539,-3873.239436619697
307919.7481119132,6595930.503524699,-4507.042253521104
307919.7481119132,6595935.578922098,-5140.845070422511
307919.7481119132,6595940.654319496,-5774.6478873239175
307919.7481119132,6595944.977091424,-6408.450704225324
307919.7481119132,6595947.427948724,-7042.253521126731
307919.7481119132,6595949.878806022,-7676.056338028138
307919.7481119132,6595952.329663321,-8309.859154929545
307919.7481119132,6595954.78052062,-8943.661971830952
307919.7481119132,6595957.231377918,-9577.464788732359
307919.7481119132,6595959.682235218,-10211.267605633766
307919.7481119132,6595962.133092516,-10845.070422535173
307919.7481119132,6595964.593598859,-11478.87323943658
307919.7481119132,6595967.044456159,-12112.676056337987
307919.7481119132,6595965.317277196,-12746.478873239394
307919.7481119132,6595962.596246651,-13380.2816901408
307919.7481119132,6595959.865567063,-14014.084507042207
,,
,,
,,
,,
,,
,,
,,
,,
,,
,,
,,
,,
,,
,,
,,
,,
,,
,,
,,
,,
,,
,,
,,
,,
,,
,,
,,
,,
,,
,,
,,
,,
,,
,,
,,
,,
,,
,,
,,
,,
,,
,,
,,
,,
,,
,,
,,
,,
,,
,,
,,
,,
,,
,,
,,
,,
,,
,,
,,
,,
,,
,,
,,
,,
,,
308553.25318119844,6595832.150814278,-70.42253521125531
308553.25318119844,6595835.016580489,-704.2253521126622
308553.25318119844,6595840.294607823,-1338.0281690140691
308553.25318119844,6595845.572635155,-1971.830985915476
308553.25318119844,6595850.869960576,-2605.633802816883
308553.25318119844,6595856.167285997,-3239.43661971829
308553.25318119844,6595861.4646114195,-3873.239436619697
308553.25318119844,6595866.781234929,-4507.042253521104
308553.25318119844,6595872.09785844,-5140.845070422511
308553.25318119844,6595877.424130995,-5774.6478873239175
308553.25318119844,6595881.959181902,-6408.450704225324
308553.25318119844,6595884.525827735,-7042.253521126731
308553.25318119844,6595887.102122612,-7676.056338028138
308553.25318119844,6595889.678417489,-8309.859154929545
308553.25318119844,6595892.2547123665,-8943.661971830952
308553.25318119844,6595894.821358199,-9577.464788732359
308553.25318119844,6595897.397653076,-10211.267605633766
308553.25318119844,6595899.983596997,-10845.070422535173
308553.25318119844,6595902.559891875,-11478.87323943658
308553.25318119844,6595905.136186752,-12112.676056337987
308553.25318119844,6595902.994098877,-12746.478873239394
308553.25318119844,6595899.732721841,-13380.2816901408
308553.25318119844,6595896.461695761,-14014.084507042207
,,
,,
,,
,,
,,
,,
,,
,,
,,
,,
,,
,,
,,
,,
,,
,,
,,
,,
,,
,,
,,
,,
,,
,,
,,
,,
,,
,,
,,
,,
,,
,,
,,
,,
,,
,,
,,
,,
,,
,,
,,
,,
,,
,,
,,
,,
,,
,,
,,
,,
,,
,,
,,
,,
,,
,,
,,
,,
,,
,,
,,
,,
,,
,,
,,
,,
,,
,,
,,
,,
,,
,,
,,
,,
,,
,,
,,
,,
,,
,,
,,
,,
,,
,,
,,
,,
,,
,,
,,
,,
,,
,,
,,
,,
,,
,,
,,
,,
,,
,,
,,
,,
,,
,,
,,
,,
,,
,,
,,
,,
,,
,,
,,
,,
,,
,,
,,
,,
,,
,,
,,
,,
,,
,,
,,
,,
,,
,,
,,
,,
,,
,,
,,
,,
,,
,,
,,
,,
,,
,,
,,
,,
,,
,,
,,
,,
,,
,,
,,
,,
,,
,,
,,
,,
,,
,,
,,
,,
,,
,,
,,
,,
,,
,,
,,
,,
,,
,,
,,
,,
,,
,,
,,
,,
,,
,,
,,
,,
,,
,,
,,
,,
,,
,,
,,
,,
,,
,,
,,
,,
,,
,,
,,
,,
,,
,,
,,
,,
,,
,,
,,
,,
,,
,,
,,
,,
,,
,,
,,
,,
,,
,,
,,
,,
,,
,,
,,
,,
,,
,,
,,
,,
,,
,,
,,
,,
,,
,,
,,
,,
,,
,,
,,
,,
,,
,,
,,
,,
,,
,,
,,
,,
,,
,,
,,
,,
,,
,,
,,
,,
,,
,,
,,
,,
,,
,,
,,
,,
,,
,,
,,
,,
,,
,,
,,
,,
,,
,,
,,
,,
,,
,,
,,
,,
,,
,,
,,
,,
,,
,,
,,
,,
,,
,,
,,
,,
,,
,,
,,
,,
,,
,,
,,
,,
,,
,,
,,
,,
,,
,,
,,
,,
,,
,,
,,
,,
,,
,,
,,
,,
,,
,,
,,
,,
,,
,,
,,
,,
,,
,,
,,
,,
,,
,,
,,
,,
,,
,,
,,
,,
,,
,,
,,
,,
,,
,,
,,
,,
,,
,,
,,
,,
,,
,,
,,
,,
,,
,,
,,
,,
,,
,,
,,
,,
,,
,,
,,
,,
,,
